Rakulpreet,FinecabStrikers,92
Rakulpreet,Sophie_Choudry,98
Rakulpreet,tplsport,84
Rakulpreet,RonnieScrewvala,1
Rakulpreet,ikamalhaasan,24
Rakulpreet,YourStoryCo,91
Rakulpreet,ladasingh,75
Rakulpreet,mehtahansal,31
Rakulpreet,TheDeverakonda,77
Rakulpreet,rohitkhilnani,54
Rakulpreet,rahulkanwal,79
Rakulpreet,RajeevMasand,73
Rakulpreet,ronnielahiri,47
Rakulpreet,sonamakapoor,34
Rakulpreet,anupamachopra,25
Rakulpreet,LuvFilms,72
Rakulpreet,raedita,72
Rakulpreet,AnandiArtsOffl,64
Rakulpreet,realpreityzinta,53
Rakulpreet,HELLOmagIndia,46
Rakulpreet,arjunk26,51
Rakulpreet,therealkapildev,88
Rakulpreet,vikramix,49
Rakulpreet,kavinbm,58
Rakulpreet,AmanPreetOffl,94
Rakulpreet,KubbraSait,7
Rakulpreet,TheAaryanKartik,70
Rakulpreet,DeDePyaarDe,83
Rakulpreet,TheRestlessQuil,65
Rakulpreet,Riteishd,70
Rakulpreet,geneliad,72
Rakulpreet,itsBhushanKumar,49
Rakulpreet,EmmayEntertain,41
Rakulpreet,zmilap,87
Rakulpreet,nikkhiladvani,48
Rakulpreet,MaazaIndia,63
Rakulpreet,Chinmayi,39
Rakulpreet,MissMalini,18
Rakulpreet,apoorvamehta18,42
Rakulpreet,meramyakrishnan,27
Rakulpreet,klrahul11,73
Rakulpreet,ShashankKhaitan,9
Rakulpreet,bhumipednekar,25
Rakulpreet,AkivAli,85
Rakulpreet,dulQuer,94
Rakulpreet,Health_Magna,71
Rakulpreet,vickykaushal09,48
Rakulpreet,thinkmusicindia,57
Rakulpreet,NushratBharucha,15
Rakulpreet,RajkumarHirani,45
Rakulpreet,TheFarahKhan,68
Rakulpreet,selvaraghavan,49
Rakulpreet,pinkyreddy22,88
Rakulpreet,24AMSTUDIOS,32
Rakulpreet,Siva_Kartikeyan,14
Rakulpreet,gargankur,45
Rakulpreet,luv_ranjan,99
Rakulpreet,modyrahulmody,11
Rakulpreet,themensarsenal,5
Rakulpreet,RelianceEnt,31
Rakulpreet,iFaridoon,52
Rakulpreet,harish2you,10
Rakulpreet,hegdepooja,68
Rakulpreet,shiekhspear,25
Rakulpreet,kshitijm_,5
Rakulpreet,KunalGir,58
Rakulpreet,Vikram_K_Kumar,89
Rakulpreet,rmantha2,54
Rakulpreet,itsKajolD,47
Rakulpreet,ShitalBhatiaFFW,71
Rakulpreet,sri50,22
Rakulpreet,Shobu_,94
Rakulpreet,f45kokapet,66
Rakulpreet,AnupamPKher,24
Rakulpreet,Tweet2Rhea,45
Rakulpreet,FalguniThakore,33
Rakulpreet,MelCaines,50
Rakulpreet,BajpayeeManoj,62
Rakulpreet,aliaa08,83
Rakulpreet,ARMurugadoss,66
Rakulpreet,anirudhofficial,58
Rakulpreet,thesecret,26
Rakulpreet,Bazinga_Ent,29
Rakulpreet,filmfare,44
Rakulpreet,vennelakishore,74
Rakulpreet,aiyaary,86
Rakulpreet,Karthi_Offl,98
Rakulpreet,neerajpofficial,39
Rakulpreet,GalGadot,84
Rakulpreet,SidMalhotra,69
Rakulpreet,HeroManoj1,18
Rakulpreet,arya_offl,29
Rakulpreet,realDonaldTrump,61
Rakulpreet,siima,34
Rakulpreet,TEDTalks,7
Rakulpreet,ssk1122,78
Rakulpreet,iamnagarjuna,22
Rakulpreet,PinkvillaSouth,9
Rakulpreet,Suriya_offl,18
Rakulpreet,RGVzoomin,67
Rakulpreet,venketramg,25
Rakulpreet,DanishSait,8
Rakulpreet,muscle_fitness,40
Rakulpreet,F45vizag1,51
Rakulpreet,Varun_dvn,8
Rakulpreet,FitnessMagazine,97
Rakulpreet,F45Training,28
Rakulpreet,akshaykumar,52
Rakulpreet,SadhguruJV,25
Rakulpreet,reddyharsha,87
Rakulpreet,RaviTeja_offl,95
Rakulpreet,santoshsivan,96
Rakulpreet,KTRTRS,53
Rakulpreet,Rakulians,94
Rakulpreet,ChakravarthiKa1,33
Rakulpreet,Meera22520691,59
Rakulpreet,NameisNani,92
Rakulpreet,AkhilAkkineni8,26
Rakulpreet,BoscoMartis,79
Rakulpreet,upasanakonidela,85
Rakulpreet,unlockmindset,38
Rakulpreet,Vaaniofficial,22
Rakulpreet,TLLLFoundation,88
Rakulpreet,the_hindu,93
Rakulpreet,kalyankrishna_k,44
Rakulpreet,Pvsindhu1,82
Rakulpreet,NSaina,4
Rakulpreet,urstrulyMahesh,16
Rakulpreet,F45_India,23
Rakulpreet,shilpareddy217,7
Rakulpreet,AmbitiousKitch,30
Rakulpreet,RujutaDiwekar,54
Rakulpreet,Shape_Magazine,61
Rakulpreet,humasqureshi,14
Rakulpreet,Saqibsaleem,60
Rakulpreet,taapsee,65
Rakulpreet,MsKajalAggarwal,56
Rakulpreet,NaveenBukka,21
Rakulpreet,shriya1109,26
Rakulpreet,IamSaiDharamTej,66
Rakulpreet,BrettLee_58,9
Rakulpreet,shivaangiart,100
Rakulpreet,ToastedCouture,11
Rakulpreet,F45Gachibowli,56
Rakulpreet,pinkvilla,88
Rakulpreet,KanikaDhillon,18
Rakulpreet,dhanushkraja,38
Rakulpreet,LouisVuitton,36
Rakulpreet,geetikachadha,29
Rakulpreet,FitspirationaI,63
Rakulpreet,pnavdeep26,95
Rakulpreet,RakulFollowers,41
Rakulpreet,nourishbypm,22
Rakulpreet,pkovelamudi,49
Rakulpreet,DVVMovies,76
Rakulpreet,tarak9999,61
Rakulpreet,SreenuVaitla,25
Rakulpreet,alluarjun,2
Rakulpreet,idlebrainjeevi,13
Rakulpreet,greatindiafilms,6
Rakulpreet,SarrtajGill,43
Rakulpreet,ashwinmawle,76
Rakulpreet,RakulPreetianS,58
Rakulpreet,mrsfunnybones,91
Rakulpreet,RanaDaggubati,36
Rakulpreet,chatrath19,70
Rakulpreet,MusicThaman,35
Rakulpreet,poojamakhija,38
Rakulpreet,sonalchauhan7,13
Rakulpreet,lakshmidevyNYC,24
Rakulpreet,megopichand,1
Rakulpreet,KollyBuzz,11
Rakulpreet,PawanKalyan,61
Rakulpreet,vrindaprasad,52
Rakulpreet,tamannaahspeaks,78
Rakulpreet,IAmVarunTej,10
Rakulpreet,ThatsNutrition,38
Rakulpreet,girlofthecloth,52
Rakulpreet,RakulPreetWorld,19
Rakulpreet,timesofindia,6
Rakulpreet,Samanthaprabhu2,65
Rakulpreet,HHCGuiltFree,22
Rakulpreet,styledbyindpat,10
Rakulpreet,raghuvendras,83
Rakulpreet,priyagupta999,23
Rakulpreet,adah_sharma,23
Rakulpreet,rohansippy,93
Rakulpreet,konavenkat99,29
Rakulpreet,AndhraBoxOffice,3
Rakulpreet,PonyPrakashraj,85
Rakulpreet,Gopimohan,93
Rakulpreet,chay_akkineni,30
Rakulpreet,ramsayz,86
Rakulpreet,RajkummarRao,6
Rakulpreet,RaashiKhanna,41
Rakulpreet,NeerajaKona,65
Rakulpreet,Gaga_Tanya,40
Rakulpreet,drrashmishetty,44
Rakulpreet,iamSushanthA,86
Rakulpreet,narendramodi,26
Rakulpreet,mamtamohan,94
Rakulpreet,shanvisrivastav,44
Rakulpreet,vinilmathew,10
Rakulpreet,actor_nithiin,78
Rakulpreet,LaurenGottlieb,30
Rakulpreet,AlluSirish,38
Rakulpreet,ShreyasPardi,44
Rakulpreet,RanveerOfficial,53
Rakulpreet,Shanoozeing,31
Rakulpreet,sam_arria,59
Rakulpreet,Manbach12,55
Rakulpreet,RamanaGogula,90
Rakulpreet,allarinaresh,5
Rakulpreet,crhemanth,41
Rakulpreet,shrutihaasan,99
Rakulpreet,himanshkohli,33
Rakulpreet,immancomposer,28
Rakulpreet,23_rahulr,91
Rakulpreet,fer_ravi,91
Rakulpreet,Yaariyantweets,3
Rakulpreet,Rohit_Ravindran,87
Rakulpreet,ReginaCassandra,22
Rakulpreet,NikeshaPatel,6
Rakulpreet,NeilSanghavi,73
Rakulpreet,sarahsalvadore,6
Rakulpreet,Gautham_Karthik,94
Rakulpreet,toughtaskmaster,26
Rakulpreet,KomalNahta,87
Rakulpreet,sskarthik,4
Rakulpreet,CastingChhabra,3
Rakulpreet,anirbanblah,97
Rakulpreet,evelyn_sharma,82
Rakulpreet,sayalibhagat,12
Rakulpreet,actorbrahmaji,17
Rakulpreet,LakshmiManchu,6
Rakulpreet,RinkuGupta2012,89
Rakulpreet,chumandas,96
Rakulpreet,krishdk,66
Rakulpreet,isanjaybharathi,64
Rakulpreet,onlynikil,13
Rakulpreet,ssrajamouli,49
Rakulpreet,ajaydevgn,60
Rakulpreet,iHrithik,39
Rakulpreet,Tarunmansukhani,27
Rakulpreet,BDUTT,27
Rakulpreet,SrBachchan,3
Rakulpreet,devakatta,64
Rakulpreet,LaraDutta,18
Rakulpreet,BeingSalmanKhan,31
Rakulpreet,taran_adarsh,85
Rakulpreet,MaheshShankarS,81
Rakulpreet,sundeepkishan,89
Rakulpreet,bomanirani,47
Rakulpreet,deepikapadukone,91
Rakulpreet,juniorbachchan,36
Rakulpreet,aamir_khan,33
Rakulpreet,amanwoods,17
Rakulpreet,AnushkaSharma,5
Rakulpreet,shahidkapoor,86
Rakulpreet,karanjohar,36
Rakulpreet,iamsrk,68
Rakulpreet,priyankachopra,58
Rakulpreet,nb90,48
Rakulpreet,BarackObama,24
AlluSirish,mamtamohan,97
mamtamohan,AlluSirish,98
sskarthik,mamtamohan,66
mamtamohan,anirbanblah,84
RinkuGupta2012,mamtamohan,39
onlynikil,mamtamohan,61
mamtamohan,ssrajamouli,34
mamtamohan,iHrithik,68
mamtamohan,BDUTT,46
mamtamohan,SrBachchan,11
mamtamohan,BeingSalmanKhan,14
MaheshShankarS,mamtamohan,25
mamtamohan,deepikapadukone,51
mamtamohan,juniorbachchan,87
mamtamohan,aamir_khan,73
mamtamohan,karanjohar,44
mamtamohan,iamsrk,57
mamtamohan,priyankachopra,46
mamtamohan,BarackObama,73
shanvisrivastav,actor_nithiin,97
shanvisrivastav,AlluSirish,97
shanvisrivastav,RanveerOfficial,65
shanvisrivastav,Shanoozeing,29
crhemanth,shanvisrivastav,57
shanvisrivastav,crhemanth,23
23_rahulr,shanvisrivastav,61
shanvisrivastav,23_rahulr,73
shanvisrivastav,ReginaCassandra,18
CastingChhabra,shanvisrivastav,63
shanvisrivastav,CastingChhabra,27
shanvisrivastav,anirbanblah,60
sayalibhagat,shanvisrivastav,25
RinkuGupta2012,shanvisrivastav,32
shanvisrivastav,ssrajamouli,8
shanvisrivastav,iHrithik,50
shanvisrivastav,BeingSalmanKhan,48
shanvisrivastav,sundeepkishan,35
shanvisrivastav,deepikapadukone,78
shanvisrivastav,aamir_khan,48
shanvisrivastav,karanjohar,100
shanvisrivastav,priyankachopra,94
vinilmathew,KomalNahta,2
CastingChhabra,vinilmathew,30
vinilmathew,CastingChhabra,35
vinilmathew,iHrithik,47
vinilmathew,SrBachchan,48
vinilmathew,taran_adarsh,21
vinilmathew,deepikapadukone,5
vinilmathew,aamir_khan,16
vinilmathew,shahidkapoor,88
karanjohar,vinilmathew,42
vinilmathew,karanjohar,71
vinilmathew,priyankachopra,1
allarinaresh,actor_nithiin,46
crhemanth,actor_nithiin,71
actor_nithiin,shrutihaasan,4
NikeshaPatel,actor_nithiin,83
LakshmiManchu,actor_nithiin,51
actor_nithiin,LakshmiManchu,84
RinkuGupta2012,actor_nithiin,59
onlynikil,actor_nithiin,23
actor_nithiin,ssrajamouli,27
actor_nithiin,iHrithik,74
SrBachchan,actor_nithiin,31
taran_adarsh,actor_nithiin,21
actor_nithiin,taran_adarsh,98
sundeepkishan,actor_nithiin,73
actor_nithiin,deepikapadukone,55
actor_nithiin,aamir_khan,67
RanveerOfficial,LaurenGottlieb,55
LaurenGottlieb,RanveerOfficial,78
crhemanth,LaurenGottlieb,64
evelyn_sharma,LaurenGottlieb,56
LaurenGottlieb,evelyn_sharma,83
sayalibhagat,LaurenGottlieb,35
LaurenGottlieb,taran_adarsh,60
Manbach12,AlluSirish,52
crhemanth,AlluSirish,19
AlluSirish,crhemanth,20
Rohit_Ravindran,AlluSirish,12
ReginaCassandra,AlluSirish,79
AlluSirish,ReginaCassandra,73
NikeshaPatel,AlluSirish,21
NeilSanghavi,AlluSirish,56
isanjaybharathi,AlluSirish,100
onlynikil,AlluSirish,26
SrBachchan,AlluSirish,75
AlluSirish,SrBachchan,28
AlluSirish,BeingSalmanKhan,88
taran_adarsh,AlluSirish,72
AlluSirish,taran_adarsh,66
MaheshShankarS,AlluSirish,16
sundeepkishan,AlluSirish,27
AlluSirish,aamir_khan,89
himanshkohli,ShreyasPardi,51
ShreyasPardi,himanshkohli,5
Yaariyantweets,ShreyasPardi,79
ShreyasPardi,Yaariyantweets,44
ShreyasPardi,evelyn_sharma,14
ShreyasPardi,chumandas,37
ShreyasPardi,iHrithik,75
Shanoozeing,RanveerOfficial,85
RanveerOfficial,Shanoozeing,84
Manbach12,RanveerOfficial,93
allarinaresh,RanveerOfficial,81
NikeshaPatel,RanveerOfficial,13
RanveerOfficial,KomalNahta,79
CastingChhabra,RanveerOfficial,74
RanveerOfficial,anirbanblah,21
LakshmiManchu,RanveerOfficial,40
RinkuGupta2012,RanveerOfficial,12
chumandas,RanveerOfficial,44
krishdk,RanveerOfficial,81
onlynikil,RanveerOfficial,24
RanveerOfficial,ssrajamouli,18
ajaydevgn,RanveerOfficial,72
RanveerOfficial,ajaydevgn,74
iHrithik,RanveerOfficial,70
RanveerOfficial,iHrithik,5
Tarunmansukhani,RanveerOfficial,92
BDUTT,RanveerOfficial,77
RanveerOfficial,BDUTT,90
SrBachchan,RanveerOfficial,35
RanveerOfficial,SrBachchan,18
LaraDutta,RanveerOfficial,52
RanveerOfficial,LaraDutta,99
RanveerOfficial,BeingSalmanKhan,97
taran_adarsh,RanveerOfficial,92
RanveerOfficial,taran_adarsh,46
MaheshShankarS,RanveerOfficial,68
sundeepkishan,RanveerOfficial,45
bomanirani,RanveerOfficial,79
RanveerOfficial,bomanirani,21
deepikapadukone,RanveerOfficial,9
RanveerOfficial,deepikapadukone,45
juniorbachchan,RanveerOfficial,12
RanveerOfficial,juniorbachchan,27
RanveerOfficial,aamir_khan,34
AnushkaSharma,RanveerOfficial,55
RanveerOfficial,AnushkaSharma,77
shahidkapoor,RanveerOfficial,5
RanveerOfficial,shahidkapoor,9
karanjohar,RanveerOfficial,5
RanveerOfficial,karanjohar,36
RanveerOfficial,iamsrk,51
priyankachopra,RanveerOfficial,47
RanveerOfficial,priyankachopra,55
Manbach12,Shanoozeing,24
NikeshaPatel,Shanoozeing,15
NeilSanghavi,Shanoozeing,28
RinkuGupta2012,Shanoozeing,19
Shanoozeing,iHrithik,1
Shanoozeing,SrBachchan,62
sundeepkishan,Shanoozeing,25
juniorbachchan,Shanoozeing,24
Shanoozeing,juniorbachchan,31
crhemanth,allarinaresh,69
allarinaresh,crhemanth,65
allarinaresh,shrutihaasan,17
23_rahulr,allarinaresh,13
allarinaresh,23_rahulr,25
allarinaresh,ReginaCassandra,81
NikeshaPatel,allarinaresh,81
allarinaresh,NikeshaPatel,43
allarinaresh,Gautham_Karthik,82
actorbrahmaji,allarinaresh,42
allarinaresh,actorbrahmaji,15
RinkuGupta2012,allarinaresh,98
onlynikil,allarinaresh,5
allarinaresh,onlynikil,76
allarinaresh,ssrajamouli,54
allarinaresh,ajaydevgn,71
allarinaresh,iHrithik,45
allarinaresh,BDUTT,64
SrBachchan,allarinaresh,43
allarinaresh,SrBachchan,75
devakatta,allarinaresh,60
allarinaresh,devakatta,97
allarinaresh,LaraDutta,37
allarinaresh,BeingSalmanKhan,39
allarinaresh,taran_adarsh,38
MaheshShankarS,allarinaresh,67
sundeepkishan,allarinaresh,37
allarinaresh,sundeepkishan,66
allarinaresh,bomanirani,94
allarinaresh,deepikapadukone,69
allarinaresh,juniorbachchan,54
allarinaresh,aamir_khan,45
allarinaresh,AnushkaSharma,49
allarinaresh,shahidkapoor,3
allarinaresh,karanjohar,88
allarinaresh,iamsrk,81
allarinaresh,priyankachopra,50
allarinaresh,BarackObama,50
shrutihaasan,crhemanth,63
crhemanth,shrutihaasan,7
23_rahulr,crhemanth,69
crhemanth,23_rahulr,17
Rohit_Ravindran,crhemanth,6
crhemanth,Rohit_Ravindran,43
ReginaCassandra,crhemanth,50
crhemanth,ReginaCassandra,76
NikeshaPatel,crhemanth,55
NeilSanghavi,crhemanth,63
crhemanth,NeilSanghavi,100
sarahsalvadore,crhemanth,83
crhemanth,sarahsalvadore,86
CastingChhabra,crhemanth,36
crhemanth,CastingChhabra,2
crhemanth,anirbanblah,55
actorbrahmaji,crhemanth,42
crhemanth,actorbrahmaji,20
LakshmiManchu,crhemanth,11
crhemanth,LakshmiManchu,29
crhemanth,RinkuGupta2012,42
crhemanth,krishdk,89
onlynikil,crhemanth,43
crhemanth,onlynikil,20
crhemanth,ssrajamouli,38
crhemanth,devakatta,89
MaheshShankarS,crhemanth,1
crhemanth,MaheshShankarS,61
sundeepkishan,crhemanth,58
crhemanth,sundeepkishan,45
crhemanth,juniorbachchan,76
crhemanth,karanjohar,94
crhemanth,priyankachopra,60
crhemanth,BarackObama,44
shrutihaasan,immancomposer,68
fer_ravi,shrutihaasan,59
NeilSanghavi,shrutihaasan,98
sskarthik,shrutihaasan,60
sayalibhagat,shrutihaasan,18
RinkuGupta2012,shrutihaasan,31
isanjaybharathi,shrutihaasan,30
shrutihaasan,isanjaybharathi,89
onlynikil,shrutihaasan,96
shrutihaasan,onlynikil,14
Tarunmansukhani,shrutihaasan,30
BDUTT,shrutihaasan,31
SrBachchan,shrutihaasan,95
shrutihaasan,aamir_khan,32
Yaariyantweets,himanshkohli,38
himanshkohli,KomalNahta,29
himanshkohli,ajaydevgn,8
himanshkohli,iHrithik,20
himanshkohli,SrBachchan,90
Rohit_Ravindran,23_rahulr,72
23_rahulr,Rohit_Ravindran,9
NikeshaPatel,23_rahulr,43
23_rahulr,NikeshaPatel,95
NeilSanghavi,23_rahulr,71
23_rahulr,NeilSanghavi,35
actorbrahmaji,23_rahulr,51
23_rahulr,actorbrahmaji,79
onlynikil,23_rahulr,55
23_rahulr,ssrajamouli,90
23_rahulr,taran_adarsh,2
MaheshShankarS,23_rahulr,100
23_rahulr,MaheshShankarS,10
sundeepkishan,23_rahulr,11
23_rahulr,sundeepkishan,82
RinkuGupta2012,fer_ravi,64
fer_ravi,ajaydevgn,100
fer_ravi,iHrithik,11
fer_ravi,BeingSalmanKhan,75
fer_ravi,deepikapadukone,86
fer_ravi,aamir_khan,70
fer_ravi,iamsrk,99
fer_ravi,BarackObama,28
Yaariyantweets,sayalibhagat,42
Yaariyantweets,taran_adarsh,97
sundeepkishan,Yaariyantweets,8
Rohit_Ravindran,ReginaCassandra,5
Gautham_Karthik,Rohit_Ravindran,24
Rohit_Ravindran,Gautham_Karthik,97
Rohit_Ravindran,LakshmiManchu,91
onlynikil,Rohit_Ravindran,17
Rohit_Ravindran,onlynikil,63
Rohit_Ravindran,ssrajamouli,57
sundeepkishan,Rohit_Ravindran,52
Rohit_Ravindran,sundeepkishan,63
Rohit_Ravindran,deepikapadukone,5
Rohit_Ravindran,aamir_khan,40
Rohit_Ravindran,AnushkaSharma,47
Rohit_Ravindran,karanjohar,21
Rohit_Ravindran,BarackObama,49
NikeshaPatel,ReginaCassandra,55
NeilSanghavi,ReginaCassandra,56
ReginaCassandra,Gautham_Karthik,76
ReginaCassandra,anirbanblah,21
sayalibhagat,ReginaCassandra,68
actorbrahmaji,ReginaCassandra,68
ReginaCassandra,actorbrahmaji,9
ReginaCassandra,LakshmiManchu,35
RinkuGupta2012,ReginaCassandra,9
ReginaCassandra,RinkuGupta2012,15
isanjaybharathi,ReginaCassandra,75
ReginaCassandra,isanjaybharathi,19
onlynikil,ReginaCassandra,83
SrBachchan,ReginaCassandra,15
ReginaCassandra,SrBachchan,96
sundeepkishan,ReginaCassandra,22
ReginaCassandra,sundeepkishan,92
NikeshaPatel,NeilSanghavi,15
sskarthik,NikeshaPatel,70
NikeshaPatel,evelyn_sharma,99
sayalibhagat,NikeshaPatel,54
NikeshaPatel,LakshmiManchu,17
RinkuGupta2012,NikeshaPatel,2
NikeshaPatel,RinkuGupta2012,35
onlynikil,NikeshaPatel,82
NikeshaPatel,ssrajamouli,56
NikeshaPatel,ajaydevgn,73
NikeshaPatel,iHrithik,79
NikeshaPatel,Tarunmansukhani,79
NikeshaPatel,BDUTT,34
NikeshaPatel,SrBachchan,41
NikeshaPatel,devakatta,95
NikeshaPatel,BeingSalmanKhan,2
NikeshaPatel,taran_adarsh,77
NikeshaPatel,sundeepkishan,4
NikeshaPatel,deepikapadukone,53
NikeshaPatel,juniorbachchan,31
NikeshaPatel,aamir_khan,64
NikeshaPatel,AnushkaSharma,20
NikeshaPatel,shahidkapoor,76
NikeshaPatel,karanjohar,93
NikeshaPatel,iamsrk,78
NikeshaPatel,priyankachopra,59
NeilSanghavi,CastingChhabra,2
NeilSanghavi,onlynikil,67
NeilSanghavi,SrBachchan,12
NeilSanghavi,BeingSalmanKhan,94
NeilSanghavi,taran_adarsh,98
sundeepkishan,NeilSanghavi,30
NeilSanghavi,sundeepkishan,69
NeilSanghavi,karanjohar,26
NeilSanghavi,BarackObama,47
sarahsalvadore,KomalNahta,92
sarahsalvadore,LakshmiManchu,64
sarahsalvadore,iHrithik,21
sarahsalvadore,BDUTT,66
sarahsalvadore,SrBachchan,73
sarahsalvadore,BeingSalmanKhan,6
sundeepkishan,sarahsalvadore,72
sarahsalvadore,sundeepkishan,54
sarahsalvadore,bomanirani,15
sarahsalvadore,deepikapadukone,26
sarahsalvadore,juniorbachchan,25
sarahsalvadore,aamir_khan,70
sarahsalvadore,shahidkapoor,6
sarahsalvadore,karanjohar,86
sarahsalvadore,iamsrk,46
sarahsalvadore,BarackObama,18
sskarthik,Gautham_Karthik,37
Gautham_Karthik,sskarthik,22
LakshmiManchu,Gautham_Karthik,25
RinkuGupta2012,Gautham_Karthik,98
Gautham_Karthik,RinkuGupta2012,22
isanjaybharathi,Gautham_Karthik,5
onlynikil,Gautham_Karthik,65
Gautham_Karthik,onlynikil,95
CastingChhabra,KomalNahta,48
evelyn_sharma,KomalNahta,75
RinkuGupta2012,KomalNahta,28
chumandas,KomalNahta,31
ajaydevgn,KomalNahta,35
KomalNahta,ajaydevgn,11
iHrithik,KomalNahta,79
Tarunmansukhani,KomalNahta,64
SrBachchan,KomalNahta,41
KomalNahta,SrBachchan,94
KomalNahta,BeingSalmanKhan,72
KomalNahta,aamir_khan,24
karanjohar,KomalNahta,49
KomalNahta,iamsrk,4
priyankachopra,KomalNahta,31
sskarthik,LakshmiManchu,23
sskarthik,RinkuGupta2012,61
isanjaybharathi,sskarthik,52
sskarthik,isanjaybharathi,63
onlynikil,sskarthik,81
sskarthik,onlynikil,100
sskarthik,ssrajamouli,58
sskarthik,ajaydevgn,60
sskarthik,iHrithik,65
sskarthik,BDUTT,38
sskarthik,SrBachchan,34
sskarthik,LaraDutta,60
sskarthik,BeingSalmanKhan,86
sskarthik,sundeepkishan,50
sskarthik,bomanirani,75
sskarthik,deepikapadukone,16
sskarthik,juniorbachchan,82
sskarthik,aamir_khan,91
sskarthik,AnushkaSharma,74
sskarthik,shahidkapoor,94
sskarthik,karanjohar,60
sskarthik,iamsrk,21
sskarthik,priyankachopra,90
sskarthik,BarackObama,74
evelyn_sharma,CastingChhabra,88
RinkuGupta2012,CastingChhabra,82
krishdk,CastingChhabra,26
CastingChhabra,krishdk,10
CastingChhabra,ajaydevgn,28
CastingChhabra,iHrithik,64
Tarunmansukhani,CastingChhabra,98
CastingChhabra,BDUTT,76
SrBachchan,CastingChhabra,74
CastingChhabra,SrBachchan,77
CastingChhabra,BeingSalmanKhan,26
CastingChhabra,taran_adarsh,95
CastingChhabra,deepikapadukone,37
CastingChhabra,juniorbachchan,28
CastingChhabra,aamir_khan,57
CastingChhabra,AnushkaSharma,45
CastingChhabra,shahidkapoor,19
CastingChhabra,karanjohar,27
CastingChhabra,iamsrk,50
CastingChhabra,priyankachopra,10
CastingChhabra,BarackObama,60
krishdk,anirbanblah,68
BDUTT,anirbanblah,92
SrBachchan,anirbanblah,22
sayalibhagat,iHrithik,27
sayalibhagat,SrBachchan,76
sayalibhagat,LaraDutta,68
sayalibhagat,BeingSalmanKhan,47
sayalibhagat,deepikapadukone,60
sayalibhagat,aamir_khan,93
sayalibhagat,AnushkaSharma,20
sayalibhagat,iamsrk,52
sayalibhagat,priyankachopra,75
actorbrahmaji,LakshmiManchu,80
actorbrahmaji,ssrajamouli,46
actorbrahmaji,SrBachchan,85
actorbrahmaji,BeingSalmanKhan,17
actorbrahmaji,taran_adarsh,61
sundeepkishan,actorbrahmaji,40
actorbrahmaji,sundeepkishan,6
actorbrahmaji,deepikapadukone,70
actorbrahmaji,aamir_khan,65
actorbrahmaji,karanjohar,57
actorbrahmaji,iamsrk,96
onlynikil,LakshmiManchu,29
LakshmiManchu,ssrajamouli,67
LakshmiManchu,iHrithik,91
LakshmiManchu,BDUTT,4
LakshmiManchu,BeingSalmanKhan,60
LakshmiManchu,taran_adarsh,78
sundeepkishan,LakshmiManchu,100
LakshmiManchu,sundeepkishan,52
LakshmiManchu,deepikapadukone,53
LakshmiManchu,aamir_khan,73
LakshmiManchu,iamsrk,57
LakshmiManchu,BarackObama,1
isanjaybharathi,RinkuGupta2012,64
RinkuGupta2012,isanjaybharathi,2
onlynikil,RinkuGupta2012,27
RinkuGupta2012,onlynikil,12
RinkuGupta2012,ssrajamouli,36
RinkuGupta2012,ajaydevgn,83
RinkuGupta2012,iHrithik,55
RinkuGupta2012,Tarunmansukhani,31
RinkuGupta2012,SrBachchan,85
RinkuGupta2012,LaraDutta,37
RinkuGupta2012,BeingSalmanKhan,36
RinkuGupta2012,taran_adarsh,98
sundeepkishan,RinkuGupta2012,45
RinkuGupta2012,sundeepkishan,66
RinkuGupta2012,bomanirani,73
RinkuGupta2012,deepikapadukone,23
RinkuGupta2012,juniorbachchan,41
RinkuGupta2012,aamir_khan,76
RinkuGupta2012,AnushkaSharma,87
RinkuGupta2012,shahidkapoor,97
RinkuGupta2012,karanjohar,27
RinkuGupta2012,iamsrk,66
RinkuGupta2012,priyankachopra,12
chumandas,ajaydevgn,45
chumandas,iHrithik,32
chumandas,Tarunmansukhani,19
chumandas,SrBachchan,32
chumandas,LaraDutta,35
chumandas,BeingSalmanKhan,22
chumandas,bomanirani,69
chumandas,deepikapadukone,57
chumandas,juniorbachchan,34
chumandas,aamir_khan,2
chumandas,AnushkaSharma,9
chumandas,shahidkapoor,80
chumandas,karanjohar,8
chumandas,iamsrk,31
chumandas,priyankachopra,1
chumandas,BarackObama,96
BDUTT,krishdk,12
krishdk,SrBachchan,98
devakatta,krishdk,80
krishdk,devakatta,31
krishdk,taran_adarsh,89
MaheshShankarS,krishdk,4
krishdk,MaheshShankarS,93
sundeepkishan,krishdk,40
krishdk,sundeepkishan,2
krishdk,bomanirani,13
krishdk,juniorbachchan,54
krishdk,aamir_khan,54
shahidkapoor,krishdk,20
krishdk,shahidkapoor,8
krishdk,karanjohar,15
krishdk,iamsrk,23
krishdk,BarackObama,96
isanjaybharathi,onlynikil,66
isanjaybharathi,ssrajamouli,28
isanjaybharathi,sundeepkishan,87
isanjaybharathi,deepikapadukone,66
isanjaybharathi,AnushkaSharma,77
isanjaybharathi,priyankachopra,88
isanjaybharathi,BarackObama,94
onlynikil,ssrajamouli,37
onlynikil,ajaydevgn,68
onlynikil,iHrithik,36
onlynikil,Tarunmansukhani,94
onlynikil,BDUTT,3
onlynikil,SrBachchan,67
onlynikil,LaraDutta,15
onlynikil,BeingSalmanKhan,11
onlynikil,taran_adarsh,12
sundeepkishan,onlynikil,61
onlynikil,sundeepkishan,67
onlynikil,bomanirani,99
onlynikil,deepikapadukone,44
onlynikil,juniorbachchan,64
onlynikil,aamir_khan,81
onlynikil,AnushkaSharma,12
onlynikil,shahidkapoor,76
onlynikil,karanjohar,50
onlynikil,iamsrk,98
onlynikil,priyankachopra,75
onlynikil,BarackObama,47
SrBachchan,ssrajamouli,6
devakatta,ssrajamouli,37
ssrajamouli,devakatta,24
taran_adarsh,ssrajamouli,51
ssrajamouli,taran_adarsh,38
MaheshShankarS,ssrajamouli,52
sundeepkishan,ssrajamouli,85
karanjohar,ssrajamouli,44
SrBachchan,ajaydevgn,41
ajaydevgn,SrBachchan,44
ajaydevgn,BeingSalmanKhan,28
taran_adarsh,ajaydevgn,61
ajaydevgn,taran_adarsh,57
sundeepkishan,ajaydevgn,90
juniorbachchan,ajaydevgn,68
ajaydevgn,juniorbachchan,92
ajaydevgn,aamir_khan,11
shahidkapoor,ajaydevgn,56
ajaydevgn,shahidkapoor,95
karanjohar,ajaydevgn,17
ajaydevgn,karanjohar,49
Tarunmansukhani,iHrithik,21
SrBachchan,iHrithik,42
iHrithik,BeingSalmanKhan,32
bomanirani,iHrithik,45
deepikapadukone,iHrithik,58
juniorbachchan,iHrithik,53
iHrithik,juniorbachchan,47
aamir_khan,iHrithik,28
AnushkaSharma,iHrithik,54
shahidkapoor,iHrithik,64
iHrithik,shahidkapoor,10
karanjohar,iHrithik,89
iHrithik,karanjohar,3
iamsrk,iHrithik,72
iHrithik,iamsrk,34
priyankachopra,iHrithik,46
iHrithik,priyankachopra,52
iHrithik,BarackObama,47
SrBachchan,Tarunmansukhani,97
Tarunmansukhani,SrBachchan,28
Tarunmansukhani,BeingSalmanKhan,100
taran_adarsh,Tarunmansukhani,48
Tarunmansukhani,taran_adarsh,18
sundeepkishan,Tarunmansukhani,27
Tarunmansukhani,bomanirani,57
Tarunmansukhani,deepikapadukone,60
juniorbachchan,Tarunmansukhani,98
Tarunmansukhani,juniorbachchan,57
Tarunmansukhani,aamir_khan,47
Tarunmansukhani,AnushkaSharma,41
karanjohar,Tarunmansukhani,66
Tarunmansukhani,karanjohar,59
Tarunmansukhani,iamsrk,85
priyankachopra,Tarunmansukhani,37
Tarunmansukhani,priyankachopra,60
nb90,Tarunmansukhani,9
SrBachchan,BDUTT,25
BDUTT,SrBachchan,2
LaraDutta,BDUTT,25
BDUTT,taran_adarsh,37
bomanirani,BDUTT,25
BDUTT,deepikapadukone,62
juniorbachchan,BDUTT,9
BDUTT,juniorbachchan,59
BDUTT,aamir_khan,79
AnushkaSharma,BDUTT,73
BDUTT,AnushkaSharma,1
shahidkapoor,BDUTT,14
karanjohar,BDUTT,75
BDUTT,karanjohar,39
iamsrk,BDUTT,59
BDUTT,iamsrk,57
priyankachopra,BDUTT,71
BDUTT,priyankachopra,66
BDUTT,BarackObama,32
LaraDutta,SrBachchan,4
SrBachchan,LaraDutta,19
SrBachchan,BeingSalmanKhan,38
taran_adarsh,SrBachchan,4
SrBachchan,taran_adarsh,46
sundeepkishan,SrBachchan,63
SrBachchan,sundeepkishan,47
bomanirani,SrBachchan,57
SrBachchan,bomanirani,26
deepikapadukone,SrBachchan,9
SrBachchan,deepikapadukone,79
juniorbachchan,SrBachchan,63
SrBachchan,juniorbachchan,84
aamir_khan,SrBachchan,65
SrBachchan,aamir_khan,79
SrBachchan,AnushkaSharma,91
shahidkapoor,SrBachchan,98
SrBachchan,shahidkapoor,12
karanjohar,SrBachchan,3
SrBachchan,karanjohar,47
iamsrk,SrBachchan,78
SrBachchan,iamsrk,90
priyankachopra,SrBachchan,99
SrBachchan,priyankachopra,51
SrBachchan,BarackObama,24
devakatta,taran_adarsh,50
MaheshShankarS,devakatta,36
devakatta,MaheshShankarS,67
sundeepkishan,devakatta,75
devakatta,sundeepkishan,46
LaraDutta,BeingSalmanKhan,45
bomanirani,LaraDutta,13
LaraDutta,bomanirani,17
juniorbachchan,LaraDutta,12
LaraDutta,juniorbachchan,50
LaraDutta,aamir_khan,4
LaraDutta,AnushkaSharma,98
karanjohar,LaraDutta,1
LaraDutta,karanjohar,43
LaraDutta,iamsrk,79
priyankachopra,LaraDutta,63
LaraDutta,priyankachopra,53
nb90,LaraDutta,73
LaraDutta,BarackObama,10
taran_adarsh,BeingSalmanKhan,7
deepikapadukone,BeingSalmanKhan,85
aamir_khan,BeingSalmanKhan,20
BeingSalmanKhan,aamir_khan,82
shahidkapoor,BeingSalmanKhan,14
karanjohar,BeingSalmanKhan,80
iamsrk,BeingSalmanKhan,2
BeingSalmanKhan,iamsrk,1
priyankachopra,BeingSalmanKhan,18
sundeepkishan,taran_adarsh,10
bomanirani,taran_adarsh,24
taran_adarsh,bomanirani,74
deepikapadukone,taran_adarsh,64
taran_adarsh,deepikapadukone,3
juniorbachchan,taran_adarsh,20
taran_adarsh,juniorbachchan,80
taran_adarsh,aamir_khan,23
AnushkaSharma,taran_adarsh,36
taran_adarsh,AnushkaSharma,38
karanjohar,taran_adarsh,56
taran_adarsh,karanjohar,61
taran_adarsh,iamsrk,1
priyankachopra,taran_adarsh,27
taran_adarsh,priyankachopra,81
sundeepkishan,MaheshShankarS,82
MaheshShankarS,sundeepkishan,94
MaheshShankarS,bomanirani,40
MaheshShankarS,aamir_khan,66
MaheshShankarS,shahidkapoor,32
MaheshShankarS,karanjohar,25
MaheshShankarS,iamsrk,32
MaheshShankarS,priyankachopra,38
MaheshShankarS,BarackObama,91
sundeepkishan,deepikapadukone,70
sundeepkishan,aamir_khan,41
sundeepkishan,karanjohar,10
sundeepkishan,iamsrk,42
bomanirani,deepikapadukone,46
juniorbachchan,bomanirani,62
bomanirani,juniorbachchan,13
karanjohar,bomanirani,40
bomanirani,karanjohar,87
iamsrk,bomanirani,92
bomanirani,iamsrk,19
priyankachopra,bomanirani,14
bomanirani,priyankachopra,12
bomanirani,BarackObama,93
juniorbachchan,deepikapadukone,29
deepikapadukone,juniorbachchan,12
deepikapadukone,aamir_khan,48
shahidkapoor,deepikapadukone,63
deepikapadukone,shahidkapoor,69
karanjohar,deepikapadukone,81
deepikapadukone,karanjohar,82
iamsrk,deepikapadukone,5
deepikapadukone,iamsrk,11
priyankachopra,deepikapadukone,99
deepikapadukone,priyankachopra,37
deepikapadukone,BarackObama,11
aamir_khan,juniorbachchan,79
juniorbachchan,aamir_khan,31
shahidkapoor,juniorbachchan,36
juniorbachchan,shahidkapoor,8
karanjohar,juniorbachchan,15
juniorbachchan,karanjohar,22
iamsrk,juniorbachchan,73
juniorbachchan,iamsrk,11
priyankachopra,juniorbachchan,90
juniorbachchan,priyankachopra,91
shahidkapoor,aamir_khan,89
karanjohar,aamir_khan,14
aamir_khan,karanjohar,100
priyankachopra,aamir_khan,89
amanwoods,AnushkaSharma,76
amanwoods,iamsrk,6
amanwoods,priyankachopra,88
shahidkapoor,AnushkaSharma,46
AnushkaSharma,shahidkapoor,68
karanjohar,AnushkaSharma,26
AnushkaSharma,karanjohar,88
AnushkaSharma,iamsrk,33
priyankachopra,AnushkaSharma,84
AnushkaSharma,priyankachopra,97
karanjohar,shahidkapoor,21
shahidkapoor,karanjohar,79
iamsrk,shahidkapoor,7
shahidkapoor,iamsrk,76
priyankachopra,shahidkapoor,91
shahidkapoor,priyankachopra,98
iamsrk,karanjohar,40
karanjohar,iamsrk,92
priyankachopra,karanjohar,16
karanjohar,priyankachopra,12
nb90,karanjohar,83
priyankachopra,iamsrk,54
iamsrk,priyankachopra,19
priyankachopra,BarackObama,78
NSaina,Pvsindhu1,27
Pvsindhu1,urstrulyMahesh,70
RujutaDiwekar,Pvsindhu1,12
taapsee,Pvsindhu1,46
Pvsindhu1,taapsee,97
MsKajalAggarwal,Pvsindhu1,80
NaveenBukka,Pvsindhu1,2
Pvsindhu1,shriya1109,28
geetikachadha,Pvsindhu1,12
Pvsindhu1,RanaDaggubati,41
megopichand,Pvsindhu1,55
vrindaprasad,Pvsindhu1,52
Pvsindhu1,Samanthaprabhu2,75
Gopimohan,Pvsindhu1,19
Pvsindhu1,drrashmishetty,71
narendramodi,Pvsindhu1,89
shanvisrivastav,Pvsindhu1,65
RanveerOfficial,Pvsindhu1,100
Pvsindhu1,RanveerOfficial,15
allarinaresh,Pvsindhu1,57
Pvsindhu1,shrutihaasan,38
sskarthik,Pvsindhu1,61
CastingChhabra,Pvsindhu1,92
Pvsindhu1,LakshmiManchu,15
onlynikil,Pvsindhu1,12
BDUTT,Pvsindhu1,10
SrBachchan,Pvsindhu1,37
Pvsindhu1,SrBachchan,21
Pvsindhu1,deepikapadukone,57
Pvsindhu1,AnushkaSharma,97
taapsee,NSaina,54
NSaina,taapsee,76
MsKajalAggarwal,NSaina,76
NSaina,MsKajalAggarwal,60
shivaangiart,NSaina,22
pinkvilla,NSaina,11
RanaDaggubati,NSaina,25
NSaina,RanaDaggubati,55
vrindaprasad,NSaina,42
NSaina,vrindaprasad,80
timesofindia,NSaina,4
NSaina,timesofindia,89
styledbyindpat,NSaina,8
NSaina,styledbyindpat,100
priyagupta999,NSaina,71
NSaina,priyagupta999,2
Gopimohan,NSaina,52
narendramodi,NSaina,50
NSaina,narendramodi,77
RanveerOfficial,NSaina,60
NSaina,RanveerOfficial,95
allarinaresh,NSaina,68
sarahsalvadore,NSaina,20
CastingChhabra,NSaina,11
NSaina,CastingChhabra,39
onlynikil,NSaina,34
ajaydevgn,NSaina,62
NSaina,ajaydevgn,34
SrBachchan,NSaina,27
NSaina,SrBachchan,69
bomanirani,NSaina,79
NSaina,bomanirani,47
deepikapadukone,NSaina,80
NSaina,deepikapadukone,37
NSaina,aamir_khan,42
AnushkaSharma,NSaina,81
NSaina,AnushkaSharma,39
karanjohar,NSaina,87
NSaina,karanjohar,87
NSaina,iamsrk,25
priyankachopra,NSaina,19
NSaina,priyankachopra,12
MsKajalAggarwal,urstrulyMahesh,45
NaveenBukka,urstrulyMahesh,17
shivaangiart,urstrulyMahesh,22
pnavdeep26,urstrulyMahesh,15
pkovelamudi,urstrulyMahesh,71
DVVMovies,urstrulyMahesh,50
SreenuVaitla,urstrulyMahesh,17
idlebrainjeevi,urstrulyMahesh,38
greatindiafilms,urstrulyMahesh,47
ashwinmawle,urstrulyMahesh,62
RanaDaggubati,urstrulyMahesh,63
MusicThaman,urstrulyMahesh,10
megopichand,urstrulyMahesh,88
vrindaprasad,urstrulyMahesh,30
tamannaahspeaks,urstrulyMahesh,10
Samanthaprabhu2,urstrulyMahesh,75
konavenkat99,urstrulyMahesh,31
AndhraBoxOffice,urstrulyMahesh,55
Gopimohan,urstrulyMahesh,71
ramsayz,urstrulyMahesh,19
NeerajaKona,urstrulyMahesh,52
drrashmishetty,urstrulyMahesh,27
iamSushanthA,urstrulyMahesh,73
shanvisrivastav,urstrulyMahesh,84
RanveerOfficial,urstrulyMahesh,8
RamanaGogula,urstrulyMahesh,79
allarinaresh,urstrulyMahesh,88
crhemanth,urstrulyMahesh,68
shrutihaasan,urstrulyMahesh,69
23_rahulr,urstrulyMahesh,100
Rohit_Ravindran,urstrulyMahesh,25
NikeshaPatel,urstrulyMahesh,30
sarahsalvadore,urstrulyMahesh,61
sskarthik,urstrulyMahesh,64
CastingChhabra,urstrulyMahesh,46
actorbrahmaji,urstrulyMahesh,78
LakshmiManchu,urstrulyMahesh,39
RinkuGupta2012,urstrulyMahesh,24
onlynikil,urstrulyMahesh,29
urstrulyMahesh,ssrajamouli,32
SrBachchan,urstrulyMahesh,43
urstrulyMahesh,SrBachchan,86
MaheshShankarS,urstrulyMahesh,35
sundeepkishan,urstrulyMahesh,30
urstrulyMahesh,aamir_khan,91
F45_India,F45Gachibowli,22
taapsee,shilpareddy217,68
shilpareddy217,taapsee,13
ToastedCouture,shilpareddy217,45
geetikachadha,shilpareddy217,86
RanaDaggubati,shilpareddy217,67
shilpareddy217,RanaDaggubati,3
vrindaprasad,shilpareddy217,48
tamannaahspeaks,shilpareddy217,31
Samanthaprabhu2,shilpareddy217,10
shilpareddy217,Samanthaprabhu2,60
HHCGuiltFree,shilpareddy217,29
styledbyindpat,shilpareddy217,50
shilpareddy217,styledbyindpat,67
adah_sharma,shilpareddy217,64
AndhraBoxOffice,shilpareddy217,67
Gopimohan,shilpareddy217,75
chay_akkineni,shilpareddy217,83
shilpareddy217,chay_akkineni,7
drrashmishetty,shilpareddy217,74
shanvisrivastav,shilpareddy217,49
crhemanth,shilpareddy217,31
shilpareddy217,ReginaCassandra,58
LakshmiManchu,shilpareddy217,83
shilpareddy217,LakshmiManchu,42
shilpareddy217,deepikapadukone,31
AmbitiousKitch,Shape_Magazine,1
humasqureshi,RujutaDiwekar,91
pinkvilla,RujutaDiwekar,31
RujutaDiwekar,mrsfunnybones,13
vrindaprasad,RujutaDiwekar,60
priyagupta999,RujutaDiwekar,40
RujutaDiwekar,narendramodi,72
RujutaDiwekar,Shanoozeing,14
NikeshaPatel,RujutaDiwekar,10
BDUTT,RujutaDiwekar,97
RujutaDiwekar,BDUTT,91
RujutaDiwekar,shahidkapoor,50
RujutaDiwekar,priyankachopra,68
Saqibsaleem,humasqureshi,16
humasqureshi,Saqibsaleem,99
taapsee,humasqureshi,79
humasqureshi,taapsee,75
ToastedCouture,humasqureshi,69
pinkvilla,humasqureshi,78
humasqureshi,pinkvilla,33
dhanushkraja,humasqureshi,48
humasqureshi,dhanushkraja,56
pnavdeep26,humasqureshi,20
pkovelamudi,humasqureshi,15
humasqureshi,alluarjun,36
humasqureshi,mrsfunnybones,99
poojamakhija,humasqureshi,18
lakshmidevyNYC,humasqureshi,64
vrindaprasad,humasqureshi,68
HHCGuiltFree,humasqureshi,75
humasqureshi,HHCGuiltFree,71
raghuvendras,humasqureshi,66
humasqureshi,raghuvendras,62
priyagupta999,humasqureshi,31
humasqureshi,priyagupta999,56
humasqureshi,rohansippy,85
Gopimohan,humasqureshi,81
humasqureshi,narendramodi,92
RanveerOfficial,humasqureshi,38
humasqureshi,RanveerOfficial,64
humasqureshi,Shanoozeing,80
Manbach12,humasqureshi,51
crhemanth,humasqureshi,36
humasqureshi,KomalNahta,56
CastingChhabra,humasqureshi,34
humasqureshi,CastingChhabra,13
humasqureshi,anirbanblah,29
sayalibhagat,humasqureshi,14
LakshmiManchu,humasqureshi,73
humasqureshi,LakshmiManchu,61
chumandas,humasqureshi,91
humasqureshi,krishdk,14
humasqureshi,ssrajamouli,26
humasqureshi,iHrithik,73
Tarunmansukhani,humasqureshi,90
humasqureshi,Tarunmansukhani,32
BDUTT,humasqureshi,1
humasqureshi,BDUTT,56
SrBachchan,humasqureshi,4
humasqureshi,SrBachchan,46
humasqureshi,BeingSalmanKhan,39
humasqureshi,taran_adarsh,97
bomanirani,humasqureshi,46
humasqureshi,bomanirani,22
humasqureshi,deepikapadukone,61
juniorbachchan,humasqureshi,87
humasqureshi,juniorbachchan,53
humasqureshi,aamir_khan,53
AnushkaSharma,humasqureshi,5
humasqureshi,AnushkaSharma,45
karanjohar,humasqureshi,80
humasqureshi,karanjohar,52
humasqureshi,iamsrk,79
humasqureshi,priyankachopra,70
taapsee,Saqibsaleem,68
Saqibsaleem,taapsee,96
pinkvilla,Saqibsaleem,95
pnavdeep26,Saqibsaleem,64
Saqibsaleem,pnavdeep26,2
vrindaprasad,Saqibsaleem,52
Saqibsaleem,timesofindia,28
styledbyindpat,Saqibsaleem,93
raghuvendras,Saqibsaleem,47
Saqibsaleem,raghuvendras,47
priyagupta999,Saqibsaleem,44
Saqibsaleem,priyagupta999,36
Gopimohan,Saqibsaleem,61
RanveerOfficial,Saqibsaleem,48
Saqibsaleem,RanveerOfficial,83
Saqibsaleem,Shanoozeing,16
Manbach12,Saqibsaleem,18
Saqibsaleem,Manbach12,79
KomalNahta,Saqibsaleem,28
Saqibsaleem,KomalNahta,10
CastingChhabra,Saqibsaleem,9
Saqibsaleem,CastingChhabra,6
Tarunmansukhani,Saqibsaleem,78
Saqibsaleem,Tarunmansukhani,65
Saqibsaleem,BDUTT,47
SrBachchan,Saqibsaleem,81
Saqibsaleem,SrBachchan,85
Saqibsaleem,BeingSalmanKhan,70
Saqibsaleem,taran_adarsh,7
sundeepkishan,Saqibsaleem,59
Saqibsaleem,sundeepkishan,18
Saqibsaleem,bomanirani,74
Saqibsaleem,deepikapadukone,17
Saqibsaleem,juniorbachchan,69
Saqibsaleem,aamir_khan,30
karanjohar,Saqibsaleem,42
Saqibsaleem,karanjohar,41
Saqibsaleem,iamsrk,20
Saqibsaleem,priyankachopra,62
MsKajalAggarwal,taapsee,21
NaveenBukka,taapsee,39
taapsee,BrettLee_58,40
ToastedCouture,taapsee,99
pinkvilla,taapsee,79
KanikaDhillon,taapsee,95
geetikachadha,taapsee,24
pnavdeep26,taapsee,83
taapsee,pnavdeep26,66
taapsee,mrsfunnybones,64
RanaDaggubati,taapsee,89
taapsee,RanaDaggubati,46
lakshmidevyNYC,taapsee,54
taapsee,PawanKalyan,84
vrindaprasad,taapsee,43
taapsee,vrindaprasad,65
tamannaahspeaks,taapsee,78
taapsee,tamannaahspeaks,9
Samanthaprabhu2,taapsee,68
taapsee,Samanthaprabhu2,53
styledbyindpat,taapsee,58
priyagupta999,taapsee,54
adah_sharma,taapsee,65
konavenkat99,taapsee,1
AndhraBoxOffice,taapsee,16
PonyPrakashraj,taapsee,22
Gopimohan,taapsee,87
NeerajaKona,taapsee,43
drrashmishetty,taapsee,80
taapsee,narendramodi,92
Manbach12,taapsee,43
allarinaresh,taapsee,93
crhemanth,taapsee,2
Gautham_Karthik,taapsee,32
taapsee,Gautham_Karthik,61
sskarthik,taapsee,94
CastingChhabra,taapsee,20
taapsee,CastingChhabra,23
sayalibhagat,taapsee,31
LakshmiManchu,taapsee,72
taapsee,LakshmiManchu,3
RinkuGupta2012,taapsee,80
onlynikil,taapsee,66
taapsee,ssrajamouli,9
taapsee,iHrithik,62
BDUTT,taapsee,64
SrBachchan,taapsee,92
taapsee,SrBachchan,97
taapsee,BeingSalmanKhan,94
taapsee,taran_adarsh,12
sundeepkishan,taapsee,54
taapsee,deepikapadukone,78
juniorbachchan,taapsee,98
taapsee,juniorbachchan,76
taapsee,aamir_khan,31
karanjohar,taapsee,87
taapsee,karanjohar,91
taapsee,iamsrk,85
taapsee,priyankachopra,37
NaveenBukka,MsKajalAggarwal,35
MsKajalAggarwal,shriya1109,98
ToastedCouture,MsKajalAggarwal,26
F45Gachibowli,MsKajalAggarwal,78
pinkvilla,MsKajalAggarwal,100
geetikachadha,MsKajalAggarwal,59
MsKajalAggarwal,geetikachadha,22
pnavdeep26,MsKajalAggarwal,50
MsKajalAggarwal,pnavdeep26,12
MsKajalAggarwal,tarak9999,47
SreenuVaitla,MsKajalAggarwal,57
idlebrainjeevi,MsKajalAggarwal,41
MsKajalAggarwal,idlebrainjeevi,70
ashwinmawle,MsKajalAggarwal,51
MsKajalAggarwal,ashwinmawle,3
MsKajalAggarwal,mrsfunnybones,37
RanaDaggubati,MsKajalAggarwal,24
MsKajalAggarwal,RanaDaggubati,8
vrindaprasad,MsKajalAggarwal,32
MsKajalAggarwal,vrindaprasad,98
tamannaahspeaks,MsKajalAggarwal,58
MsKajalAggarwal,tamannaahspeaks,11
Samanthaprabhu2,MsKajalAggarwal,95
MsKajalAggarwal,Samanthaprabhu2,38
styledbyindpat,MsKajalAggarwal,51
adah_sharma,MsKajalAggarwal,84
konavenkat99,MsKajalAggarwal,79
AndhraBoxOffice,MsKajalAggarwal,96
Gopimohan,MsKajalAggarwal,81
MsKajalAggarwal,chay_akkineni,61
NeerajaKona,MsKajalAggarwal,50
iamSushanthA,MsKajalAggarwal,60
MsKajalAggarwal,narendramodi,91
shanvisrivastav,MsKajalAggarwal,70
MsKajalAggarwal,shanvisrivastav,73
actor_nithiin,MsKajalAggarwal,76
MsKajalAggarwal,actor_nithiin,23
RanveerOfficial,MsKajalAggarwal,62
MsKajalAggarwal,RanveerOfficial,16
allarinaresh,MsKajalAggarwal,55
MsKajalAggarwal,allarinaresh,6
crhemanth,MsKajalAggarwal,36
23_rahulr,MsKajalAggarwal,32
MsKajalAggarwal,23_rahulr,46
ReginaCassandra,MsKajalAggarwal,45
MsKajalAggarwal,anirbanblah,1
sayalibhagat,MsKajalAggarwal,56
LakshmiManchu,MsKajalAggarwal,58
RinkuGupta2012,MsKajalAggarwal,86
isanjaybharathi,MsKajalAggarwal,81
MsKajalAggarwal,ssrajamouli,4
MsKajalAggarwal,BDUTT,64
SrBachchan,MsKajalAggarwal,46
MsKajalAggarwal,SrBachchan,50
MsKajalAggarwal,BeingSalmanKhan,62
MsKajalAggarwal,taran_adarsh,34
sundeepkishan,MsKajalAggarwal,98
MsKajalAggarwal,sundeepkishan,31
MsKajalAggarwal,aamir_khan,64
MsKajalAggarwal,karanjohar,12
MsKajalAggarwal,iamsrk,45
MsKajalAggarwal,priyankachopra,15
NaveenBukka,shriya1109,100
NaveenBukka,F45Gachibowli,55
NaveenBukka,dhanushkraja,100
NaveenBukka,geetikachadha,95
NaveenBukka,pnavdeep26,75
RakulFollowers,NaveenBukka,65
NaveenBukka,tarak9999,77
NaveenBukka,alluarjun,44
NaveenBukka,ashwinmawle,45
NaveenBukka,RanaDaggubati,98
NaveenBukka,MusicThaman,30
NaveenBukka,sonalchauhan7,86
NaveenBukka,megopichand,62
NaveenBukka,PawanKalyan,94
NaveenBukka,vrindaprasad,38
NaveenBukka,tamannaahspeaks,81
NaveenBukka,IAmVarunTej,68
NaveenBukka,Samanthaprabhu2,31
NaveenBukka,styledbyindpat,9
NaveenBukka,adah_sharma,74
NaveenBukka,konavenkat99,94
AndhraBoxOffice,NaveenBukka,44
NaveenBukka,Gopimohan,6
NaveenBukka,chay_akkineni,88
NaveenBukka,ramsayz,2
NaveenBukka,RaashiKhanna,43
NaveenBukka,NeerajaKona,11
NaveenBukka,narendramodi,38
shanvisrivastav,NaveenBukka,5
NaveenBukka,shanvisrivastav,90
NaveenBukka,actor_nithiin,37
NaveenBukka,AlluSirish,44
NaveenBukka,allarinaresh,91
NaveenBukka,crhemanth,15
NaveenBukka,shrutihaasan,92
NaveenBukka,23_rahulr,16
NaveenBukka,ReginaCassandra,71
NaveenBukka,NikeshaPatel,58
NaveenBukka,actorbrahmaji,2
NaveenBukka,LakshmiManchu,33
NaveenBukka,ssrajamouli,93
NaveenBukka,SrBachchan,59
NaveenBukka,devakatta,83
NaveenBukka,BeingSalmanKhan,84
NaveenBukka,sundeepkishan,28
NaveenBukka,deepikapadukone,57
NaveenBukka,aamir_khan,15
NaveenBukka,karanjohar,50
NaveenBukka,iamsrk,8
NaveenBukka,shriya1109,52
NaveenBukka,F45Gachibowli,83
NaveenBukka,dhanushkraja,9
NaveenBukka,geetikachadha,13
NaveenBukka,pnavdeep26,70
RakulFollowers,NaveenBukka,89
NaveenBukka,tarak9999,96
NaveenBukka,alluarjun,38
NaveenBukka,ashwinmawle,52
NaveenBukka,RanaDaggubati,12
NaveenBukka,MusicThaman,56
NaveenBukka,sonalchauhan7,45
NaveenBukka,megopichand,86
NaveenBukka,PawanKalyan,77
NaveenBukka,vrindaprasad,50
NaveenBukka,tamannaahspeaks,100
NaveenBukka,IAmVarunTej,80
NaveenBukka,Samanthaprabhu2,9
NaveenBukka,styledbyindpat,47
NaveenBukka,adah_sharma,95
NaveenBukka,konavenkat99,89
AndhraBoxOffice,NaveenBukka,27
NaveenBukka,Gopimohan,15
NaveenBukka,chay_akkineni,62
NaveenBukka,ramsayz,92
NaveenBukka,RaashiKhanna,81
NaveenBukka,NeerajaKona,98
NaveenBukka,narendramodi,92
shanvisrivastav,NaveenBukka,23
NaveenBukka,shanvisrivastav,46
NaveenBukka,actor_nithiin,8
NaveenBukka,AlluSirish,55
NaveenBukka,allarinaresh,77
NaveenBukka,crhemanth,50
NaveenBukka,shrutihaasan,81
NaveenBukka,23_rahulr,80
NaveenBukka,ReginaCassandra,94
NaveenBukka,NikeshaPatel,29
NaveenBukka,actorbrahmaji,22
NaveenBukka,LakshmiManchu,93
NaveenBukka,ssrajamouli,64
NaveenBukka,SrBachchan,38
NaveenBukka,devakatta,94
NaveenBukka,BeingSalmanKhan,25
NaveenBukka,sundeepkishan,98
NaveenBukka,deepikapadukone,30
NaveenBukka,aamir_khan,71
NaveenBukka,karanjohar,4
NaveenBukka,iamsrk,20
NaveenBukka,priyankachopra,93
shivaangiart,shriya1109,32
ToastedCouture,shriya1109,15
shriya1109,ToastedCouture,74
shriya1109,pinkvilla,71
shriya1109,dhanushkraja,21
shriya1109,alluarjun,50
RanaDaggubati,shriya1109,58
shriya1109,RanaDaggubati,56
vrindaprasad,shriya1109,87
shriya1109,tamannaahspeaks,34
shriya1109,timesofindia,8
HHCGuiltFree,shriya1109,98
styledbyindpat,shriya1109,47
priyagupta999,shriya1109,85
shriya1109,priyagupta999,15
adah_sharma,shriya1109,7
AndhraBoxOffice,shriya1109,30
Gopimohan,shriya1109,73
shriya1109,narendramodi,63
RanveerOfficial,shriya1109,55
shriya1109,RanveerOfficial,82
allarinaresh,shriya1109,91
crhemanth,shriya1109,44
NikeshaPatel,shriya1109,47
sayalibhagat,shriya1109,46
RinkuGupta2012,shriya1109,26
isanjaybharathi,shriya1109,98
onlynikil,shriya1109,26
Tarunmansukhani,shriya1109,42
shriya1109,Tarunmansukhani,82
shriya1109,SrBachchan,38
shriya1109,BeingSalmanKhan,6
shriya1109,taran_adarsh,27
shriya1109,bomanirani,82
shriya1109,juniorbachchan,91
shriya1109,aamir_khan,57
shriya1109,karanjohar,36
shriya1109,iamsrk,61
shriya1109,priyankachopra,93
shriya1109,BarackObama,80
geetikachadha,IamSaiDharamTej,39
IamSaiDharamTej,alluarjun,9
ashwinmawle,IamSaiDharamTej,1
RanaDaggubati,IamSaiDharamTej,69
MusicThaman,IamSaiDharamTej,12
IamSaiDharamTej,MusicThaman,88
megopichand,IamSaiDharamTej,48
IamSaiDharamTej,megopichand,39
IamSaiDharamTej,PawanKalyan,31
vrindaprasad,IamSaiDharamTej,89
IAmVarunTej,IamSaiDharamTej,17
IamSaiDharamTej,IAmVarunTej,23
IamSaiDharamTej,Samanthaprabhu2,89
styledbyindpat,IamSaiDharamTej,78
adah_sharma,IamSaiDharamTej,92
konavenkat99,IamSaiDharamTej,59
AndhraBoxOffice,IamSaiDharamTej,40
Gopimohan,IamSaiDharamTej,50
ramsayz,IamSaiDharamTej,82
IamSaiDharamTej,ramsayz,93
NeerajaKona,IamSaiDharamTej,68
shanvisrivastav,IamSaiDharamTej,44
IamSaiDharamTej,shanvisrivastav,8
allarinaresh,IamSaiDharamTej,67
crhemanth,IamSaiDharamTej,10
ReginaCassandra,IamSaiDharamTej,14
actorbrahmaji,IamSaiDharamTej,95
IamSaiDharamTej,actorbrahmaji,60
onlynikil,IamSaiDharamTej,36
IamSaiDharamTej,SrBachchan,41
devakatta,IamSaiDharamTej,92
IamSaiDharamTej,devakatta,9
IamSaiDharamTej,BeingSalmanKhan,42
rohitkhilnani,Sophie_Choudry,40
rahulkanwal,Sophie_Choudry,28
sonamakapoor,Sophie_Choudry,34
Sophie_Choudry,sonamakapoor,97
raedita,Sophie_Choudry,5
Sophie_Choudry,realpreityzinta,78
HELLOmagIndia,Sophie_Choudry,69
arjunk26,Sophie_Choudry,22
Sophie_Choudry,arjunk26,43
KubbraSait,Sophie_Choudry,8
TheAaryanKartik,Sophie_Choudry,69
Riteishd,Sophie_Choudry,98
Sophie_Choudry,Riteishd,65
geneliad,Sophie_Choudry,51
Sophie_Choudry,geneliad,13
zmilap,Sophie_Choudry,16
Sophie_Choudry,zmilap,19
MissMalini,Sophie_Choudry,51
dulQuer,Sophie_Choudry,21
Health_Magna,Sophie_Choudry,35
Sophie_Choudry,RajkumarHirani,79
themensarsenal,Sophie_Choudry,24
shiekhspear,Sophie_Choudry,25
Sophie_Choudry,shiekhspear,14
Sophie_Choudry,AnupamPKher,2
BajpayeeManoj,Sophie_Choudry,47
Sophie_Choudry,BajpayeeManoj,74
Sophie_Choudry,aliaa08,49
Sophie_Choudry,filmfare,35
Sophie_Choudry,Varun_dvn,22
Sophie_Choudry,akshaykumar,61
Sophie_Choudry,urstrulyMahesh,65
shriya1109,Sophie_Choudry,25
ToastedCouture,Sophie_Choudry,40
pinkvilla,Sophie_Choudry,22
Sophie_Choudry,mrsfunnybones,59
vrindaprasad,Sophie_Choudry,95
HHCGuiltFree,Sophie_Choudry,90
Sophie_Choudry,HHCGuiltFree,40
priyagupta999,Sophie_Choudry,45
Sophie_Choudry,priyagupta999,81
Gopimohan,Sophie_Choudry,49
RanveerOfficial,Sophie_Choudry,94
Sophie_Choudry,RanveerOfficial,80
sayalibhagat,Sophie_Choudry,100
chumandas,Sophie_Choudry,24
onlynikil,Sophie_Choudry,52
Sophie_Choudry,iHrithik,29
Sophie_Choudry,Tarunmansukhani,93
Sophie_Choudry,SrBachchan,14
Sophie_Choudry,LaraDutta,55
Sophie_Choudry,BeingSalmanKhan,33
taran_adarsh,Sophie_Choudry,40
Sophie_Choudry,taran_adarsh,87
Sophie_Choudry,deepikapadukone,43
Sophie_Choudry,juniorbachchan,81
karanjohar,Sophie_Choudry,36
Sophie_Choudry,karanjohar,79
Sophie_Choudry,iamsrk,10
priyankachopra,Sophie_Choudry,42
Sophie_Choudry,priyankachopra,70
tplsport,vikramix,61
tplsport,aamir_khan,8
YourStoryCo,RonnieScrewvala,79
RonnieScrewvala,YourStoryCo,78
ladasingh,RonnieScrewvala,34
mehtahansal,RonnieScrewvala,19
RonnieScrewvala,mehtahansal,64
rohitkhilnani,RonnieScrewvala,28
rahulkanwal,RonnieScrewvala,50
RajeevMasand,RonnieScrewvala,17
ronnielahiri,RonnieScrewvala,15
sonamakapoor,RonnieScrewvala,30
anupamachopra,RonnieScrewvala,84
RonnieScrewvala,anupamachopra,73
raedita,RonnieScrewvala,25
arjunk26,RonnieScrewvala,67
vikramix,RonnieScrewvala,28
KubbraSait,RonnieScrewvala,36
TheAaryanKartik,RonnieScrewvala,72
Chinmayi,RonnieScrewvala,28
RonnieScrewvala,Chinmayi,14
MissMalini,RonnieScrewvala,2
RonnieScrewvala,MissMalini,19
apoorvamehta18,RonnieScrewvala,39
bhumipednekar,RonnieScrewvala,8
RonnieScrewvala,bhumipednekar,19
dulQuer,RonnieScrewvala,51
RonnieScrewvala,RajkumarHirani,67
RonnieScrewvala,TheFarahKhan,74
selvaraghavan,RonnieScrewvala,13
gargankur,RonnieScrewvala,28
modyrahulmody,RonnieScrewvala,66
iFaridoon,RonnieScrewvala,60
shiekhspear,RonnieScrewvala,4
kshitijm_,RonnieScrewvala,90
AnupamPKher,RonnieScrewvala,86
RonnieScrewvala,AnupamPKher,89
Tweet2Rhea,RonnieScrewvala,91
BajpayeeManoj,RonnieScrewvala,52
aliaa08,RonnieScrewvala,91
RonnieScrewvala,aliaa08,22
filmfare,RonnieScrewvala,18
SidMalhotra,RonnieScrewvala,20
RonnieScrewvala,realDonaldTrump,59
RonnieScrewvala,TEDTalks,87
DanishSait,RonnieScrewvala,84
RonnieScrewvala,akshaykumar,57
BoscoMartis,RonnieScrewvala,3
TLLLFoundation,RonnieScrewvala,70
humasqureshi,RonnieScrewvala,73
Saqibsaleem,RonnieScrewvala,33
taapsee,RonnieScrewvala,42
KanikaDhillon,RonnieScrewvala,84
RanaDaggubati,RonnieScrewvala,73
poojamakhija,RonnieScrewvala,90
priyagupta999,RonnieScrewvala,78
Gopimohan,RonnieScrewvala,40
RonnieScrewvala,narendramodi,28
RanveerOfficial,RonnieScrewvala,63
Manbach12,RonnieScrewvala,84
himanshkohli,RonnieScrewvala,77
CastingChhabra,RonnieScrewvala,8
chumandas,RonnieScrewvala,8
onlynikil,RonnieScrewvala,67
RonnieScrewvala,iHrithik,30
Tarunmansukhani,RonnieScrewvala,29
BDUTT,RonnieScrewvala,8
RonnieScrewvala,BDUTT,1
SrBachchan,RonnieScrewvala,36
RonnieScrewvala,SrBachchan,36
LaraDutta,RonnieScrewvala,29
RonnieScrewvala,BeingSalmanKhan,38
taran_adarsh,RonnieScrewvala,13
RonnieScrewvala,taran_adarsh,64
bomanirani,RonnieScrewvala,37
RonnieScrewvala,bomanirani,77
deepikapadukone,RonnieScrewvala,83
RonnieScrewvala,deepikapadukone,65
juniorbachchan,RonnieScrewvala,91
RonnieScrewvala,juniorbachchan,50
RonnieScrewvala,aamir_khan,42
RonnieScrewvala,AnushkaSharma,83
shahidkapoor,RonnieScrewvala,66
RonnieScrewvala,shahidkapoor,20
karanjohar,RonnieScrewvala,23
RonnieScrewvala,karanjohar,48
RonnieScrewvala,iamsrk,91
priyankachopra,RonnieScrewvala,1
RonnieScrewvala,priyankachopra,35
RonnieScrewvala,BarackObama,85
rohitkhilnani,ikamalhaasan,94
rahulkanwal,ikamalhaasan,18
RajeevMasand,ikamalhaasan,30
nikkhiladvani,ikamalhaasan,69
Chinmayi,ikamalhaasan,29
meramyakrishnan,ikamalhaasan,1
thinkmusicindia,ikamalhaasan,54
selvaraghavan,ikamalhaasan,64
Vikram_K_Kumar,ikamalhaasan,34
sri50,ikamalhaasan,48
BajpayeeManoj,ikamalhaasan,43
ARMurugadoss,ikamalhaasan,59
Bazinga_Ent,ikamalhaasan,86
siima,ikamalhaasan,50
ssk1122,ikamalhaasan,41
PinkvillaSouth,ikamalhaasan,63
Suriya_offl,ikamalhaasan,81
venketramg,ikamalhaasan,47
santoshsivan,ikamalhaasan,98
Rakulians,ikamalhaasan,97
NameisNani,ikamalhaasan,2
the_hindu,ikamalhaasan,20
pinkvilla,ikamalhaasan,55
KanikaDhillon,ikamalhaasan,82
idlebrainjeevi,ikamalhaasan,98
RanaDaggubati,ikamalhaasan,38
lakshmidevyNYC,ikamalhaasan,99
vrindaprasad,ikamalhaasan,60
tamannaahspeaks,ikamalhaasan,42
rohansippy,ikamalhaasan,72
konavenkat99,ikamalhaasan,25
AndhraBoxOffice,ikamalhaasan,40
PonyPrakashraj,ikamalhaasan,15
Gopimohan,ikamalhaasan,76
NeerajaKona,ikamalhaasan,31
mamtamohan,ikamalhaasan,11
allarinaresh,ikamalhaasan,68
crhemanth,ikamalhaasan,63
shrutihaasan,ikamalhaasan,27
ikamalhaasan,shrutihaasan,87
23_rahulr,ikamalhaasan,76
sskarthik,ikamalhaasan,63
CastingChhabra,ikamalhaasan,36
RinkuGupta2012,ikamalhaasan,75
isanjaybharathi,ikamalhaasan,39
onlynikil,ikamalhaasan,23
BDUTT,ikamalhaasan,28
MaheshShankarS,ikamalhaasan,12
YourStoryCo,kavinbm,74
KubbraSait,YourStoryCo,32
harish2you,YourStoryCo,23
YourStoryCo,BajpayeeManoj,15
DanishSait,YourStoryCo,24
YourStoryCo,Pvsindhu1,93
YourStoryCo,NSaina,78
YourStoryCo,BrettLee_58,93
YourStoryCo,narendramodi,50
Manbach12,YourStoryCo,8
RamanaGogula,YourStoryCo,82
YourStoryCo,SrBachchan,11
rahulkanwal,ladasingh,99
ladasingh,rahulkanwal,76
RajeevMasand,ladasingh,31
ladasingh,RajeevMasand,94
ladasingh,sonamakapoor,70
ladasingh,anupamachopra,95
raedita,ladasingh,20
ladasingh,raedita,17
zmilap,ladasingh,47
ladasingh,zmilap,27
apoorvamehta18,ladasingh,17
ladasingh,apoorvamehta18,98
ladasingh,bhumipednekar,84
TheFarahKhan,ladasingh,56
ladasingh,TheFarahKhan,39
sri50,ladasingh,33
ladasingh,sri50,98
BajpayeeManoj,ladasingh,87
Bazinga_Ent,ladasingh,23
ladasingh,filmfare,23
ladasingh,akshaykumar,37
Saqibsaleem,ladasingh,64
ladasingh,Saqibsaleem,20
ladasingh,taapsee,32
pinkvilla,ladasingh,74
ladasingh,pinkvilla,42
RanveerOfficial,ladasingh,24
ladasingh,RanveerOfficial,77
Manbach12,ladasingh,95
CastingChhabra,ladasingh,57
ladasingh,CastingChhabra,89
ladasingh,iHrithik,10
ladasingh,BDUTT,25
ladasingh,SrBachchan,47
ladasingh,BeingSalmanKhan,87
ladasingh,taran_adarsh,37
ladasingh,deepikapadukone,91
juniorbachchan,ladasingh,23
ladasingh,juniorbachchan,84
ladasingh,aamir_khan,74
ladasingh,shahidkapoor,65
ladasingh,karanjohar,74
ladasingh,iamsrk,53
ladasingh,priyankachopra,64
rohitkhilnani,mehtahansal,19
RajeevMasand,mehtahansal,95
mehtahansal,RajeevMasand,37
sonamakapoor,mehtahansal,70
mehtahansal,sonamakapoor,59
mehtahansal,anupamachopra,46
LuvFilms,mehtahansal,40
KubbraSait,mehtahansal,84
TheAaryanKartik,mehtahansal,17
mehtahansal,Riteishd,33
itsBhushanKumar,mehtahansal,39
zmilap,mehtahansal,2
nikkhiladvani,mehtahansal,1
mehtahansal,nikkhiladvani,74
NushratBharucha,mehtahansal,40
mehtahansal,NushratBharucha,1
mehtahansal,RajkumarHirani,28
gargankur,mehtahansal,24
mehtahansal,gargankur,71
mehtahansal,AnupamPKher,37
BajpayeeManoj,mehtahansal,2
mehtahansal,BajpayeeManoj,23
Bazinga_Ent,mehtahansal,4
filmfare,mehtahansal,20
mehtahansal,TEDTalks,25
mehtahansal,RujutaDiwekar,23
humasqureshi,mehtahansal,98
mehtahansal,humasqureshi,50
Saqibsaleem,mehtahansal,65
sonalchauhan7,mehtahansal,55
vrindaprasad,mehtahansal,36
raghuvendras,mehtahansal,93
mehtahansal,raghuvendras,39
priyagupta999,mehtahansal,20
mehtahansal,rohansippy,68
Gopimohan,mehtahansal,79
RajkummarRao,mehtahansal,22
mehtahansal,RajkummarRao,37
Manbach12,mehtahansal,31
crhemanth,mehtahansal,30
mehtahansal,KomalNahta,28
CastingChhabra,mehtahansal,9
mehtahansal,CastingChhabra,66
krishdk,mehtahansal,4
BDUTT,mehtahansal,60
mehtahansal,BDUTT,3
mehtahansal,SrBachchan,41
mehtahansal,BeingSalmanKhan,16
mehtahansal,taran_adarsh,73
MaheshShankarS,mehtahansal,86
mehtahansal,juniorbachchan,8
mehtahansal,aamir_khan,29
karanjohar,mehtahansal,57
mehtahansal,karanjohar,17
mehtahansal,iamsrk,50
RajeevMasand,TheDeverakonda,41
arjunk26,TheDeverakonda,94
dulQuer,TheDeverakonda,7
thinkmusicindia,TheDeverakonda,77
ssk1122,TheDeverakonda,81
PinkvillaSouth,TheDeverakonda,13
DanishSait,TheDeverakonda,74
Rakulians,TheDeverakonda,79
kalyankrishna_k,TheDeverakonda,34
MsKajalAggarwal,TheDeverakonda,14
F45Gachibowli,TheDeverakonda,81
megopichand,TheDeverakonda,39
vrindaprasad,TheDeverakonda,21
Sophie_Choudry,filmfare,31
Sophie_Choudry,Varun_dvn,29
Sophie_Choudry,akshaykumar,78
Sophie_Choudry,urstrulyMahesh,53
shriya1109,Sophie_Choudry,21
ToastedCouture,Sophie_Choudry,82
pinkvilla,Sophie_Choudry,96
Sophie_Choudry,mrsfunnybones,41
vrindaprasad,Sophie_Choudry,8
HHCGuiltFree,Sophie_Choudry,50
Sophie_Choudry,HHCGuiltFree,55
priyagupta999,Sophie_Choudry,72
Sophie_Choudry,priyagupta999,8
Gopimohan,Sophie_Choudry,4
RanveerOfficial,Sophie_Choudry,45
Sophie_Choudry,RanveerOfficial,98
sayalibhagat,Sophie_Choudry,20
chumandas,Sophie_Choudry,28
onlynikil,Sophie_Choudry,51
Sophie_Choudry,iHrithik,66
Sophie_Choudry,Tarunmansukhani,80
Sophie_Choudry,SrBachchan,87
Sophie_Choudry,LaraDutta,68
Sophie_Choudry,BeingSalmanKhan,98
taran_adarsh,Sophie_Choudry,13
Sophie_Choudry,taran_adarsh,94
Sophie_Choudry,deepikapadukone,68
Sophie_Choudry,juniorbachchan,95
karanjohar,Sophie_Choudry,67
Sophie_Choudry,karanjohar,96
Sophie_Choudry,iamsrk,69
priyankachopra,Sophie_Choudry,41
Sophie_Choudry,priyankachopra,43
tplsport,aamir_khan,30
filmfare,RonnieScrewvala,13
SidMalhotra,RonnieScrewvala,27
RonnieScrewvala,realDonaldTrump,84
RonnieScrewvala,TEDTalks,34
DanishSait,RonnieScrewvala,28
RonnieScrewvala,akshaykumar,79
BoscoMartis,RonnieScrewvala,30
TLLLFoundation,RonnieScrewvala,57
humasqureshi,RonnieScrewvala,99
Saqibsaleem,RonnieScrewvala,49
taapsee,RonnieScrewvala,15
KanikaDhillon,RonnieScrewvala,1
RanaDaggubati,RonnieScrewvala,39
poojamakhija,RonnieScrewvala,63
priyagupta999,RonnieScrewvala,99
Gopimohan,RonnieScrewvala,60
RonnieScrewvala,narendramodi,29
RanveerOfficial,RonnieScrewvala,67
Manbach12,RonnieScrewvala,28
himanshkohli,RonnieScrewvala,59
CastingChhabra,RonnieScrewvala,53
chumandas,RonnieScrewvala,69
onlynikil,RonnieScrewvala,42
RonnieScrewvala,iHrithik,76
Tarunmansukhani,RonnieScrewvala,52
BDUTT,RonnieScrewvala,96
RonnieScrewvala,BDUTT,35
SrBachchan,RonnieScrewvala,42
RonnieScrewvala,SrBachchan,49
LaraDutta,RonnieScrewvala,26
RonnieScrewvala,BeingSalmanKhan,22
taran_adarsh,RonnieScrewvala,30
RonnieScrewvala,taran_adarsh,60
bomanirani,RonnieScrewvala,65
RonnieScrewvala,bomanirani,55
deepikapadukone,RonnieScrewvala,25
RonnieScrewvala,deepikapadukone,87
juniorbachchan,RonnieScrewvala,4
RonnieScrewvala,juniorbachchan,86
RonnieScrewvala,aamir_khan,38
RonnieScrewvala,AnushkaSharma,78
shahidkapoor,RonnieScrewvala,22
RonnieScrewvala,shahidkapoor,59
karanjohar,RonnieScrewvala,59
RonnieScrewvala,karanjohar,40
RonnieScrewvala,iamsrk,20
priyankachopra,RonnieScrewvala,89
RonnieScrewvala,priyankachopra,82
RonnieScrewvala,BarackObama,54
Bazinga_Ent,ikamalhaasan,93
siima,ikamalhaasan,84
ssk1122,ikamalhaasan,8
PinkvillaSouth,ikamalhaasan,90
Suriya_offl,ikamalhaasan,64
venketramg,ikamalhaasan,14
santoshsivan,ikamalhaasan,31
Rakulians,ikamalhaasan,50
NameisNani,ikamalhaasan,37
the_hindu,ikamalhaasan,60
pinkvilla,ikamalhaasan,63
KanikaDhillon,ikamalhaasan,39
idlebrainjeevi,ikamalhaasan,75
RanaDaggubati,ikamalhaasan,50
lakshmidevyNYC,ikamalhaasan,69
vrindaprasad,ikamalhaasan,6
tamannaahspeaks,ikamalhaasan,97
rohansippy,ikamalhaasan,75
konavenkat99,ikamalhaasan,21
AndhraBoxOffice,ikamalhaasan,75
PonyPrakashraj,ikamalhaasan,100
Gopimohan,ikamalhaasan,87
NeerajaKona,ikamalhaasan,51
mamtamohan,ikamalhaasan,15
allarinaresh,ikamalhaasan,42
crhemanth,ikamalhaasan,87
shrutihaasan,ikamalhaasan,45
ikamalhaasan,shrutihaasan,95
23_rahulr,ikamalhaasan,25
sskarthik,ikamalhaasan,100
CastingChhabra,ikamalhaasan,100
RinkuGupta2012,ikamalhaasan,28
isanjaybharathi,ikamalhaasan,56
onlynikil,ikamalhaasan,50
BDUTT,ikamalhaasan,36
MaheshShankarS,ikamalhaasan,66
DanishSait,YourStoryCo,59
YourStoryCo,Pvsindhu1,59
YourStoryCo,NSaina,9
YourStoryCo,BrettLee_58,97
YourStoryCo,narendramodi,99
Manbach12,YourStoryCo,2
RamanaGogula,YourStoryCo,9
YourStoryCo,SrBachchan,79
Bazinga_Ent,ladasingh,5
ladasingh,filmfare,78
ladasingh,akshaykumar,20
Saqibsaleem,ladasingh,94
ladasingh,Saqibsaleem,73
ladasingh,taapsee,53
pinkvilla,ladasingh,29
ladasingh,pinkvilla,38
RanveerOfficial,ladasingh,59
ladasingh,RanveerOfficial,89
Manbach12,ladasingh,90
CastingChhabra,ladasingh,92
ladasingh,CastingChhabra,52
ladasingh,iHrithik,59
ladasingh,BDUTT,58
ladasingh,SrBachchan,74
ladasingh,BeingSalmanKhan,10
ladasingh,taran_adarsh,12
ladasingh,deepikapadukone,61
juniorbachchan,ladasingh,90
ladasingh,juniorbachchan,51
ladasingh,aamir_khan,68
ladasingh,shahidkapoor,23
ladasingh,karanjohar,84
ladasingh,iamsrk,47
ladasingh,priyankachopra,42
Bazinga_Ent,mehtahansal,6
filmfare,mehtahansal,98
mehtahansal,TEDTalks,65
mehtahansal,RujutaDiwekar,82
humasqureshi,mehtahansal,98
mehtahansal,humasqureshi,32
Saqibsaleem,mehtahansal,75
arya_offl,anirudhofficial,86
arya_offl,anirudhofficial,12
siima,anirudhofficial,42
ssk1122,anirudhofficial,93
PinkvillaSouth,anirudhofficial,66
anirudhofficial,Suriya_offl,68
DanishSait,anirudhofficial,64
anirudhofficial,DanishSait,12
Rakulians,anirudhofficial,22
NameisNani,anirudhofficial,10
anirudhofficial,NameisNani,37
MsKajalAggarwal,anirudhofficial,13
anirudhofficial,MsKajalAggarwal,94
shriya1109,anirudhofficial,6
anirudhofficial,shriya1109,25
IamSaiDharamTej,anirudhofficial,22
anirudhofficial,IamSaiDharamTej,55
dhanushkraja,anirudhofficial,81
anirudhofficial,dhanushkraja,47
RanaDaggubati,anirudhofficial,96
anirudhofficial,RanaDaggubati,26
lakshmidevyNYC,anirudhofficial,2
KollyBuzz,anirudhofficial,75
anirudhofficial,KollyBuzz,86
vrindaprasad,anirudhofficial,94
Samanthaprabhu2,anirudhofficial,97
anirudhofficial,Samanthaprabhu2,23
styledbyindpat,anirudhofficial,70
konavenkat99,anirudhofficial,39
AndhraBoxOffice,anirudhofficial,3
Gopimohan,anirudhofficial,51
NeerajaKona,anirudhofficial,34
anirudhofficial,NeerajaKona,80
anirudhofficial,narendramodi,63
actor_nithiin,anirudhofficial,85
anirudhofficial,actor_nithiin,61
allarinaresh,anirudhofficial,73
crhemanth,anirudhofficial,61
Rohit_Ravindran,anirudhofficial,8
Gautham_Karthik,anirudhofficial,89
sskarthik,anirudhofficial,35
evelyn_sharma,anirudhofficial,71
RinkuGupta2012,anirudhofficial,14
anirudhofficial,RinkuGupta2012,73
isanjaybharathi,anirudhofficial,52
anirudhofficial,isanjaybharathi,3
onlynikil,anirudhofficial,50
SrBachchan,anirudhofficial,85
sundeepkishan,anirudhofficial,14
anirudhofficial,aamir_khan,98
kalyankrishna_k,thesecret,31
vrindaprasad,thesecret,100
PonyPrakashraj,thesecret,93
RajkummarRao,thesecret,66
thesecret,RajkummarRao,29
NeerajaKona,thesecret,70
thesecret,NeerajaKona,75
ShreyasPardi,thesecret,95
himanshkohli,thesecret,12
NikeshaPatel,thesecret,71
actorbrahmaji,thesecret,26
thesecret,BarackObama,61
Bazinga_Ent,filmfare,66
Bazinga_Ent,GalGadot,2
Bazinga_Ent,Varun_dvn,5
Rakulians,Bazinga_Ent,48
Bazinga_Ent,the_hindu,48
Bazinga_Ent,pinkvilla,64
Bazinga_Ent,KanikaDhillon,68
Bazinga_Ent,RanaDaggubati,56
Bazinga_Ent,HHCGuiltFree,37
Bazinga_Ent,raghuvendras,95
Bazinga_Ent,priyagupta999,69
Bazinga_Ent,RajkummarRao,10
Bazinga_Ent,narendramodi,51
Bazinga_Ent,AlluSirish,49
Bazinga_Ent,RanveerOfficial,32
Manbach12,Bazinga_Ent,96
Bazinga_Ent,crhemanth,13
Bazinga_Ent,KomalNahta,88
Bazinga_Ent,CastingChhabra,57
Bazinga_Ent,RinkuGupta2012,48
Bazinga_Ent,onlynikil,81
Bazinga_Ent,iHrithik,54
Bazinga_Ent,BDUTT,79
Bazinga_Ent,LaraDutta,2
Bazinga_Ent,taran_adarsh,55
Bazinga_Ent,bomanirani,22
Bazinga_Ent,deepikapadukone,58
Bazinga_Ent,karanjohar,36
Bazinga_Ent,iamsrk,21
SidMalhotra,filmfare,46
filmfare,SidMalhotra,22
ssk1122,filmfare,14
filmfare,RGVzoomin,2
filmfare,Varun_dvn,67
filmfare,akshaykumar,93
Rakulians,filmfare,90
Meera22520691,filmfare,35
Vaaniofficial,filmfare,74
filmfare,Vaaniofficial,44
humasqureshi,filmfare,66
filmfare,humasqureshi,99
Saqibsaleem,filmfare,25
filmfare,Saqibsaleem,59
filmfare,taapsee,39
MsKajalAggarwal,filmfare,93
shriya1109,filmfare,36
ToastedCouture,filmfare,100
pinkvilla,filmfare,10
dhanushkraja,filmfare,62
filmfare,dhanushkraja,99
ashwinmawle,filmfare,92
filmfare,mrsfunnybones,69
RanaDaggubati,filmfare,48
filmfare,RanaDaggubati,47
MusicThaman,filmfare,12
sonalchauhan7,filmfare,41
filmfare,sonalchauhan7,69
vrindaprasad,filmfare,12
tamannaahspeaks,filmfare,44
filmfare,tamannaahspeaks,86
timesofindia,filmfare,78
filmfare,timesofindia,16
filmfare,Samanthaprabhu2,68
HHCGuiltFree,filmfare,67
raghuvendras,filmfare,21
filmfare,raghuvendras,12
priyagupta999,filmfare,24
adah_sharma,filmfare,72
filmfare,rohansippy,51
Gopimohan,filmfare,81
chay_akkineni,filmfare,92
filmfare,ramsayz,37
RajkummarRao,filmfare,26
filmfare,RajkummarRao,88
NeerajaKona,filmfare,54
shanvisrivastav,filmfare,61
vinilmathew,filmfare,76
actor_nithiin,filmfare,45
RanveerOfficial,filmfare,41
filmfare,RanveerOfficial,29
filmfare,Shanoozeing,86
Manbach12,filmfare,4
allarinaresh,filmfare,48
crhemanth,filmfare,26
filmfare,shrutihaasan,27
23_rahulr,filmfare,6
filmfare,23_rahulr,50
fer_ravi,filmfare,44
NikeshaPatel,filmfare,96
NeilSanghavi,filmfare,7
sskarthik,filmfare,95
filmfare,sskarthik,73
CastingChhabra,filmfare,73
onlynikil,filmfare,95
filmfare,ssrajamouli,37
filmfare,ajaydevgn,78
filmfare,iHrithik,84
filmfare,Tarunmansukhani,66
SrBachchan,filmfare,22
filmfare,SrBachchan,82
LaraDutta,filmfare,46
filmfare,LaraDutta,45
filmfare,BeingSalmanKhan,22
sundeepkishan,filmfare,44
filmfare,bomanirani,51
filmfare,deepikapadukone,72
filmfare,juniorbachchan,68
filmfare,aamir_khan,22
filmfare,AnushkaSharma,22
filmfare,shahidkapoor,59
karanjohar,filmfare,35
filmfare,karanjohar,86
filmfare,iamsrk,94
priyankachopra,filmfare,71
filmfare,priyankachopra,74
HeroManoj1,vennelakishore,67
vennelakishore,HeroManoj1,12
ssk1122,vennelakishore,67
vennelakishore,ssk1122,13
vennelakishore,iamnagarjuna,4
PinkvillaSouth,vennelakishore,15
vennelakishore,RaviTeja_offl,33
vennelakishore,KTRTRS,93
Rakulians,vennelakishore,53
NameisNani,vennelakishore,71
vennelakishore,NameisNani,61
AkhilAkkineni8,vennelakishore,16
vennelakishore,AkhilAkkineni8,67
vennelakishore,kalyankrishna_k,46
vennelakishore,urstrulyMahesh,82
MsKajalAggarwal,vennelakishore,73
vennelakishore,MsKajalAggarwal,70
NaveenBukka,vennelakishore,80
IamSaiDharamTej,vennelakishore,72
vennelakishore,IamSaiDharamTej,5
F45Gachibowli,vennelakishore,7
pnavdeep26,vennelakishore,57
vennelakishore,pnavdeep26,20
vennelakishore,tarak9999,52
SreenuVaitla,vennelakishore,78
vennelakishore,SreenuVaitla,73
vennelakishore,alluarjun,24
idlebrainjeevi,vennelakishore,59
vennelakishore,idlebrainjeevi,98
vennelakishore,RanaDaggubati,14
MusicThaman,vennelakishore,35
vennelakishore,MusicThaman,75
megopichand,vennelakishore,95
vennelakishore,megopichand,82
vennelakishore,PawanKalyan,60
vrindaprasad,vennelakishore,43
IAmVarunTej,vennelakishore,76
vennelakishore,IAmVarunTej,7
Samanthaprabhu2,vennelakishore,78
vennelakishore,Samanthaprabhu2,32
konavenkat99,vennelakishore,84
vennelakishore,konavenkat99,49
AndhraBoxOffice,vennelakishore,52
Gopimohan,vennelakishore,28
vennelakishore,Gopimohan,55
vennelakishore,chay_akkineni,69
ramsayz,vennelakishore,34
vennelakishore,ramsayz,65
vennelakishore,RaashiKhanna,45
NeerajaKona,vennelakishore,24
vennelakishore,NeerajaKona,25
iamSushanthA,vennelakishore,45
vennelakishore,iamSushanthA,32
shanvisrivastav,vennelakishore,50
vennelakishore,shanvisrivastav,40
vennelakishore,actor_nithiin,93
AlluSirish,vennelakishore,96
vennelakishore,AlluSirish,33
allarinaresh,vennelakishore,55
vennelakishore,allarinaresh,14
crhemanth,vennelakishore,6
vennelakishore,crhemanth,27
23_rahulr,vennelakishore,16
vennelakishore,23_rahulr,65
Rohit_Ravindran,vennelakishore,78
vennelakishore,Rohit_Ravindran,1
NikeshaPatel,vennelakishore,34
actorbrahmaji,vennelakishore,81
vennelakishore,actorbrahmaji,37
LakshmiManchu,vennelakishore,50
vennelakishore,LakshmiManchu,3
SrBachchan,vennelakishore,25
vennelakishore,SrBachchan,42
devakatta,vennelakishore,60
vennelakishore,devakatta,93
vennelakishore,taran_adarsh,66
MaheshShankarS,vennelakishore,24
vennelakishore,MaheshShankarS,62
sundeepkishan,vennelakishore,44
vennelakishore,sundeepkishan,54
aiyaary,neerajpofficial,89
aiyaary,SidMalhotra,71
aiyaary,neerajpofficial,44
aiyaary,SidMalhotra,76
SidMalhotra,neerajpofficial,84
neerajpofficial,SidMalhotra,53
neerajpofficial,akshaykumar,37
Rakulians,neerajpofficial,38
humasqureshi,neerajpofficial,68
taapsee,neerajpofficial,48
RanaDaggubati,neerajpofficial,71
konavenkat99,neerajpofficial,75
Gopimohan,neerajpofficial,55
shanvisrivastav,neerajpofficial,14
NikeshaPatel,neerajpofficial,53
CastingChhabra,neerajpofficial,44
siima,HeroManoj1,70
ssk1122,HeroManoj1,54
HeroManoj1,iamnagarjuna,89
PinkvillaSouth,HeroManoj1,83
HeroManoj1,Suriya_offl,62
HeroManoj1,RGVzoomin,19
HeroManoj1,SadhguruJV,95
HeroManoj1,KTRTRS,39
Rakulians,HeroManoj1,52
NameisNani,HeroManoj1,17
HeroManoj1,NameisNani,41
AkhilAkkineni8,HeroManoj1,57
HeroManoj1,AkhilAkkineni8,6
HeroManoj1,Pvsindhu1,51
shilpareddy217,HeroManoj1,34
taapsee,HeroManoj1,63
HeroManoj1,taapsee,92
NaveenBukka,HeroManoj1,85
IamSaiDharamTej,HeroManoj1,8
HeroManoj1,IamSaiDharamTej,82
F45Gachibowli,HeroManoj1,75
HeroManoj1,dhanushkraja,31
pnavdeep26,HeroManoj1,68
HeroManoj1,pnavdeep26,41
idlebrainjeevi,HeroManoj1,65
HeroManoj1,idlebrainjeevi,3
ashwinmawle,HeroManoj1,60
RanaDaggubati,HeroManoj1,71
HeroManoj1,RanaDaggubati,92
vrindaprasad,HeroManoj1,39
HeroManoj1,tamannaahspeaks,71
HeroManoj1,IAmVarunTej,6
HeroManoj1,Samanthaprabhu2,65
adah_sharma,HeroManoj1,99
HeroManoj1,adah_sharma,50
HeroManoj1,konavenkat99,47
AndhraBoxOffice,HeroManoj1,32
Gopimohan,HeroManoj1,30
HeroManoj1,Gopimohan,30
NeerajaKona,HeroManoj1,59
HeroManoj1,narendramodi,44
shanvisrivastav,HeroManoj1,9
allarinaresh,HeroManoj1,57
HeroManoj1,allarinaresh,53
ReginaCassandra,HeroManoj1,94
HeroManoj1,ReginaCassandra,64
actorbrahmaji,HeroManoj1,4
LakshmiManchu,HeroManoj1,90
HeroManoj1,LakshmiManchu,23
onlynikil,HeroManoj1,67
HeroManoj1,ssrajamouli,11
HeroManoj1,iHrithik,39
SrBachchan,HeroManoj1,88
HeroManoj1,SrBachchan,35
HeroManoj1,BeingSalmanKhan,29
sundeepkishan,HeroManoj1,39
HeroManoj1,aamir_khan,1
HeroManoj1,iamsrk,51
siima,arya_offl,57
ssk1122,arya_offl,82
PinkvillaSouth,arya_offl,87
arya_offl,Suriya_offl,52
ssk1122,iamnagarjuna,65
PinkvillaSouth,ssk1122,68
ssk1122,Suriya_offl,78
ssk1122,RGVzoomin,56
ssk1122,Varun_dvn,55
ssk1122,akshaykumar,70
ssk1122,SadhguruJV,64
ssk1122,RaviTeja_offl,89
ssk1122,KTRTRS,72
Rakulians,ssk1122,73
NameisNani,ssk1122,43
ssk1122,NameisNani,39
AkhilAkkineni8,ssk1122,7
ssk1122,AkhilAkkineni8,48
upasanakonidela,ssk1122,76
ssk1122,upasanakonidela,51
ssk1122,kalyankrishna_k,27
ssk1122,Pvsindhu1,58
ssk1122,urstrulyMahesh,15
ssk1122,shilpareddy217,52
ssk1122,humasqureshi,64
ssk1122,taapsee,89
MsKajalAggarwal,ssk1122,12
ssk1122,MsKajalAggarwal,78
ssk1122,shriya1109,55
ssk1122,IamSaiDharamTej,49
ssk1122,KanikaDhillon,36
ssk1122,dhanushkraja,58
ssk1122,pnavdeep26,62
pkovelamudi,ssk1122,70
ssk1122,pkovelamudi,90
ssk1122,DVVMovies,12
ssk1122,tarak9999,20
ssk1122,SreenuVaitla,24
ssk1122,alluarjun,42
ssk1122,idlebrainjeevi,3
ssk1122,ashwinmawle,72
RanaDaggubati,ssk1122,38
ssk1122,RanaDaggubati,64
MusicThaman,ssk1122,87
ssk1122,MusicThaman,88
ssk1122,PawanKalyan,83
vrindaprasad,ssk1122,72
ssk1122,vrindaprasad,82
ssk1122,tamannaahspeaks,80
ssk1122,IAmVarunTej,9
ssk1122,timesofindia,1
Samanthaprabhu2,ssk1122,22
ssk1122,Samanthaprabhu2,79
ssk1122,adah_sharma,78
ssk1122,konavenkat99,84
AndhraBoxOffice,ssk1122,24
Gopimohan,ssk1122,27
chay_akkineni,ssk1122,36
ssk1122,chay_akkineni,18
ssk1122,ramsayz,29
ssk1122,RaashiKhanna,60
ssk1122,NeerajaKona,91
ssk1122,drrashmishetty,90
iamSushanthA,ssk1122,83
ssk1122,iamSushanthA,68
ssk1122,narendramodi,28
ssk1122,mamtamohan,96
ssk1122,actor_nithiin,47
ssk1122,AlluSirish,44
ssk1122,RanveerOfficial,26
ssk1122,allarinaresh,39
crhemanth,ssk1122,17
ssk1122,crhemanth,40
ssk1122,shrutihaasan,27
23_rahulr,ssk1122,14
ssk1122,23_rahulr,2
ssk1122,ReginaCassandra,100
actorbrahmaji,ssk1122,40
ssk1122,actorbrahmaji,89
ssk1122,LakshmiManchu,79
ssk1122,onlynikil,41
ssrajamouli,ssk1122,49
ssk1122,ssrajamouli,65
ssk1122,ajaydevgn,17
ssk1122,iHrithik,91
ssk1122,SrBachchan,42
devakatta,ssk1122,67
ssk1122,devakatta,63
ssk1122,BeingSalmanKhan,61
ssk1122,taran_adarsh,62
MaheshShankarS,ssk1122,48
ssk1122,bomanirani,33
ssk1122,deepikapadukone,87
ssk1122,juniorbachchan,37
ssk1122,aamir_khan,98
ssk1122,AnushkaSharma,75
ssk1122,shahidkapoor,29
ssk1122,karanjohar,59
ssk1122,iamsrk,52
ssk1122,priyankachopra,28
PinkvillaSouth,iamnagarjuna,30
RGVzoomin,iamnagarjuna,87
venketramg,iamnagarjuna,51
reddyharsha,iamnagarjuna,23
Rakulians,iamnagarjuna,39
ChakravarthiKa1,iamnagarjuna,39
NameisNani,iamnagarjuna,72
AkhilAkkineni8,iamnagarjuna,36
kalyankrishna_k,iamnagarjuna,46
Pvsindhu1,iamnagarjuna,6
shilpareddy217,iamnagarjuna,44
taapsee,iamnagarjuna,44
MsKajalAggarwal,iamnagarjuna,100
NaveenBukka,iamnagarjuna,11
F45Gachibowli,iamnagarjuna,20
geetikachadha,iamnagarjuna,90
pnavdeep26,iamnagarjuna,20
pkovelamudi,iamnagarjuna,43
idlebrainjeevi,iamnagarjuna,87
ashwinmawle,iamnagarjuna,12
RanaDaggubati,iamnagarjuna,10
megopichand,iamnagarjuna,77
vrindaprasad,iamnagarjuna,33
tamannaahspeaks,iamnagarjuna,63
Samanthaprabhu2,iamnagarjuna,95
styledbyindpat,iamnagarjuna,88
konavenkat99,iamnagarjuna,72
AndhraBoxOffice,iamnagarjuna,99
PonyPrakashraj,iamnagarjuna,36
Gopimohan,iamnagarjuna,74
chay_akkineni,iamnagarjuna,76
ramsayz,iamnagarjuna,75
NeerajaKona,iamnagarjuna,52
drrashmishetty,iamnagarjuna,11
iamSushanthA,iamnagarjuna,40
narendramodi,iamnagarjuna,80
iamnagarjuna,narendramodi,75
mamtamohan,iamnagarjuna,58
shanvisrivastav,iamnagarjuna,2
allarinaresh,iamnagarjuna,75
23_rahulr,iamnagarjuna,81
Rohit_Ravindran,iamnagarjuna,41
sarahsalvadore,iamnagarjuna,63
sskarthik,iamnagarjuna,5
actorbrahmaji,iamnagarjuna,11
LakshmiManchu,iamnagarjuna,81
RinkuGupta2012,iamnagarjuna,13
onlynikil,iamnagarjuna,31
SrBachchan,iamnagarjuna,56
MaheshShankarS,iamnagarjuna,13
karanjohar,iamnagarjuna,41
PinkvillaSouth,Suriya_offl,72
PinkvillaSouth,RGVzoomin,100
PinkvillaSouth,venketramg,88
PinkvillaSouth,RaviTeja_offl,36
PinkvillaSouth,santoshsivan,90
Rakulians,PinkvillaSouth,65
PinkvillaSouth,NameisNani,65
PinkvillaSouth,AkhilAkkineni8,4
ChakravarthiKa1,venketramg,86
Meera22520691,venketramg,36
venketramg,AkhilAkkineni8,22
venketramg,NSaina,10
venketramg,taapsee,82
MsKajalAggarwal,venketramg,71
venketramg,MsKajalAggarwal,53
venketramg,shriya1109,45
geetikachadha,venketramg,86
venketramg,RanaDaggubati,3
lakshmidevyNYC,venketramg,36
vrindaprasad,venketramg,34
tamannaahspeaks,venketramg,72
venketramg,tamannaahspeaks,95
Samanthaprabhu2,venketramg,12
AndhraBoxOffice,venketramg,57
Gopimohan,venketramg,65
NeerajaKona,venketramg,96
venketramg,NeerajaKona,33
shrutihaasan,venketramg,48
venketramg,shrutihaasan,2
venketramg,LakshmiManchu,42
RinkuGupta2012,venketramg,93
onlynikil,venketramg,21
venketramg,onlynikil,19
venketramg,SrBachchan,71
